run_id,experiment_id,fold,data_level,seed,n_train_clips,n_train_vectors,steps,loss_first,loss_last,train_sec,target_auc,target_best_f1,target_threshold,target_precision,target_recall,source_auc,source_best_f1,total_sec,finished_at
stage3_large_random_init_to_self_recorded_fan_n10_full__fold0,stage3_large_random_init_to_self_recorded_fan_n10_full,0,10,942137504,10,3090,1470,1396.4272934271364,13.341432318395498,3.62,0.6805555555555556,0.8,12.664857796239767,0.7692307692307693,0.8333333333333334,,,3.66,2026-09-23T19:32:16
stage3_large_random_init_to_self_recorded_fan_n10_full__fold1,stage3_large_random_init_to_self_recorded_fan_n10_full,1,10,1084129623,10,3090,1470,1400.660477618782,11.10672224784384,3.27,0.7222222222222223,0.8333333333333334,12.041047118808253,0.8333333333333334,0.8333333333333334,,,3.3,2026-09-23T19:32:19
stage3_large_random_init_to_self_recorded_fan_n10_full__fold2,stage3_large_random_init_to_self_recorded_fan_n10_full,2,10,601520218,10,3090,1470,1275.6949537627552,14.486077133490115,3.09,0.7222222222222222,0.8571428571428571,10.21368675636554,0.75,1.0,,,3.12,2026-09-23T19:32:22
stage3_large_random_init_to_self_recorded_fan_n10_full__fold3,stage3_large_random_init_to_self_recorded_fan_n10_full,3,10,1500151872,10,3090,1470,1362.806715361926,12.687502082513303,3.06,0.7361111111111113,0.8333333333333334,11.227567265510736,0.8333333333333334,0.8333333333333334,,,3.09,2026-09-23T19:32:25
stage3_large_random_init_to_self_recorded_fan_n10_full__fold4,stage3_large_random_init_to_self_recorded_fan_n10_full,4,10,1195398678,10,3090,1470,1335.9220095264668,13.864862013836296,3.36,0.7777777777777778,0.8571428571428571,9.86384127595587,0.75,1.0,,,3.39,2026-09-23T19:32:29
stage3_large_random_init_to_self_recorded_fan_n10_full__fold5,stage3_large_random_init_to_self_recorded_fan_n10_full,5,10,1634393386,10,3090,1470,1281.4017134685905,13.713502222177933,3.33,0.6666666666666665,0.7857142857142857,9.264864989892216,0.6875,0.9166666666666666,,,3.37,2026-09-23T19:32:32
stage3_large_random_init_to_self_recorded_fan_n10_full__fold6,stage3_large_random_init_to_self_recorded_fan_n10_full,6,10,218405725,10,3090,1470,1069.0848874461894,13.018971715654645,2.99,0.6527777777777778,0.8275862068965517,8.502344258009037,0.7058823529411765,1.0,,,3.02,2026-09-23T19:32:35
stage3_large_random_init_to_self_recorded_fan_n10_full__fold7,stage3_large_random_init_to_self_recorded_fan_n10_full,7,10,503157196,10,3090,1470,1284.3715645926338,13.72665107493498,3.01,0.6805555555555556,0.8,11.879226124360681,0.7692307692307693,0.8333333333333334,,,3.06,2026-09-23T19:32:38
stage3_large_random_init_to_self_recorded_fan_n10_full__fold8,stage3_large_random_init_to_self_recorded_fan_n10_full,8,10,1898985087,10,3090,1470,1548.739633988361,10.640801293509346,3.16,0.7777777777777778,0.88,12.385701449659752,0.8461538461538461,0.9166666666666666,,,3.19,2026-09-23T19:32:41
stage3_large_random_init_to_self_recorded_fan_n10_full__fold9,stage3_large_random_init_to_self_recorded_fan_n10_full,9,10,998224837,10,3090,1470,1411.2339664381377,13.489901562126315,3.5,0.6944444444444444,0.8,11.455872226087578,0.7692307692307693,0.8333333333333334,,,3.53,2026-09-23T19:32:45
stage3_large_random_init_to_self_recorded_fan_n20_full__fold0,stage3_large_random_init_to_self_recorded_fan_n20_full,0,20,783893626,20,6180,2910,1228.1560404669378,8.512795492545846,5.99,0.7916666666666666,0.8571428571428571,6.920923830222144,0.75,1.0,,,6.02,2026-09-23T19:32:51
stage3_large_random_init_to_self_recorded_fan_n20_full__fold1,stage3_large_random_init_to_self_recorded_fan_n20_full,1,20,128244593,20,6180,2910,1226.585446072608,11.111738421253323,6.54,0.7361111111111112,0.8,10.12725250563518,0.7692307692307693,0.8333333333333334,,,6.58,2026-09-23T19:32:58
stage3_large_random_init_to_self_recorded_fan_n20_full__fold2,stage3_large_random_init_to_self_recorded_fan_n20_full,2,20,1749852176,20,6180,2910,1108.5745283303802,13.633324200345069,6.06,0.7777777777777777,0.8461538461538461,10.622976486718365,0.7857142857142857,0.9166666666666666,,,6.1,2026-09-23T19:33:04
stage3_large_random_init_to_self_recorded_fan_n20_full__fold3,stage3_large_random_init_to_self_recorded_fan_n20_full,3,20,909459859,20,6180,2910,1083.4771036364368,11.503338931762066,6.29,0.7361111111111113,0.8333333333333334,10.234692328325123,0.8333333333333334,0.8333333333333334,,,6.32,2026-09-23T19:33:10
stage3_large_random_init_to_self_recorded_fan_n20_full__fold4,stage3_large_random_init_to_self_recorded_fan_n20_full,4,20,2133143145,20,6180,2910,1273.2128478374677,8.851422614658002,6.34,0.8194444444444444,0.8571428571428571,8.510436825519765,0.75,1.0,,,6.38,2026-09-23T19:33:16
stage3_large_random_init_to_self_recorded_fan_n20_full__fold5,stage3_large_random_init_to_self_recorded_fan_n20_full,5,20,1560947055,20,6180,2910,1223.024905489892,12.917098163329449,6.04,0.75,0.8181818181818182,13.138726503168716,0.9,0.75,,,6.07,2026-09-23T19:33:23
stage3_large_random_init_to_self_recorded_fan_n20_full__fold6,stage3_large_random_init_to_self_recorded_fan_n20_full,6,20,612276576,20,6180,2910,1105.5392676284632,7.2051448674546075,6.5,0.9722222222222223,0.96,8.498776431049556,0.9230769230769231,1.0,,,6.53,2026-09-23T19:33:29
stage3_large_random_init_to_self_recorded_fan_n20_full__fold7,stage3_large_random_init_to_self_recorded_fan_n20_full,7,20,925843265,20,6180,2910,1255.808234460575,11.658481607732085,5.93,0.7916666666666666,0.8461538461538461,10.889897794375118,0.7857142857142857,0.9166666666666666,,,5.97,2026-09-23T19:33:35
stage3_large_random_init_to_self_recorded_fan_n20_full__fold8,stage3_large_random_init_to_self_recorded_fan_n20_full,8,20,1042054037,20,6180,2910,1124.7225914394733,9.28443868381461,6.64,0.8333333333333333,0.8888888888888888,8.58855959418119,0.8,1.0,,,6.67,2026-09-23T19:33:42
stage3_large_random_init_to_self_recorded_fan_n20_full__fold9,stage3_large_random_init_to_self_recorded_fan_n20_full,9,20,1808307354,20,6180,2910,1326.5941904598906,12.624185306509746,6.01,0.7361111111111112,0.8333333333333334,11.529238456541933,0.8333333333333334,0.8333333333333334,,,6.04,2026-09-23T19:33:48
stage3_large_random_init_to_self_recorded_fan_n40_full__fold0,stage3_large_random_init_to_self_recorded_fan_n40_full,0,40,642620966,40,12360,5820,667.7969545580677,6.920636941477196,12.8,0.9583333333333333,0.9565217391304348,9.961267335726816,1.0,0.9166666666666666,,,12.84,2026-09-23T19:34:01
stage3_large_random_init_to_self_recorded_fan_n40_full__fold1,stage3_large_random_init_to_self_recorded_fan_n40_full,1,40,1405759732,40,12360,5820,706.4216028193838,7.163129983489046,12.48,0.875,0.8888888888888888,7.6238299696916085,0.8,1.0,,,12.51,2026-09-23T19:34:13
stage3_large_random_init_to_self_recorded_fan_n40_full__fold2,stage3_large_random_init_to_self_recorded_fan_n40_full,2,40,2037900103,40,12360,5820,740.2113641561921,7.459101691688459,12.67,0.888888888888889,0.8888888888888888,7.903227067041676,0.8,1.0,,,12.7,2026-09-23T19:34:26
stage3_large_random_init_to_self_recorded_fan_n40_full__fold3,stage3_large_random_init_to_self_recorded_fan_n40_full,3,40,1282877984,40,12360,5820,726.8864034279105,7.074261124601069,12.8,0.9722222222222223,0.96,7.059945387120916,0.9230769230769231,1.0,,,12.84,2026-09-23T19:34:39
stage3_large_random_init_to_self_recorded_fan_n40_full__fold4,stage3_large_random_init_to_self_recorded_fan_n40_full,4,40,1597453376,40,12360,5820,716.2956544541821,8.760181252489385,12.48,0.8611111111111112,0.8888888888888888,8.391819384676925,0.8,1.0,,,12.51,2026-09-23T19:34:51
stage3_large_random_init_to_self_recorded_fan_n40_full__fold5,stage3_large_random_init_to_self_recorded_fan_n40_full,5,40,1044277158,40,12360,5820,714.1298034510662,6.2207933111289115,12.69,0.9722222222222223,0.96,7.036349090369972,0.9230769230769231,1.0,,,12.73,2026-09-23T19:35:04
stage3_large_random_init_to_self_recorded_fan_n40_full__fold6,stage3_large_random_init_to_self_recorded_fan_n40_full,6,40,1008417087,40,12360,5820,676.5352342939868,9.1422826727641,12.33,0.8194444444444445,0.8333333333333334,9.953675188611173,0.8333333333333334,0.8333333333333334,,,12.37,2026-09-23T19:35:16
stage3_large_random_init_to_self_recorded_fan_n40_full__fold7,stage3_large_random_init_to_self_recorded_fan_n40_full,7,40,979472578,40,12360,5820,760.1697075833979,7.518459762494588,12.32,0.9166666666666667,0.8888888888888888,5.93926632925859,0.8,1.0,,,12.35,2026-09-23T19:35:29
stage3_large_random_init_to_self_recorded_fan_n40_full__fold8,stage3_large_random_init_to_self_recorded_fan_n40_full,8,40,79743455,40,12360,5820,717.3785278084351,6.739887176100741,12.28,0.9444444444444445,0.9230769230769231,7.7415180926147755,0.8571428571428571,1.0,,,12.32,2026-09-23T19:35:41
stage3_large_random_init_to_self_recorded_fan_n40_full__fold9,stage3_large_random_init_to_self_recorded_fan_n40_full,9,40,1678142628,40,12360,5820,679.8859523497906,8.16583499466021,12.04,0.9166666666666667,0.9230769230769231,8.659824942837012,0.8571428571428571,1.0,,,12.08,2026-09-23T19:35:53
stage3_large_random_init_to_self_recorded_fan_n5_full__fold0,stage3_large_random_init_to_self_recorded_fan_n5_full,0,5,265268058,5,1545,750,1127.1988916015625,13.077136268615723,1.96,0.5555555555555556,0.8275862068965517,8.104417097221301,0.7058823529411765,1.0,,,6.9,2026-09-23T19:31:57
stage3_large_random_init_to_self_recorded_fan_n5_full__fold1,stage3_large_random_init_to_self_recorded_fan_n5_full,1,5,2083111459,5,1545,750,1073.70240234375,11.31649974822998,1.51,0.7083333333333333,0.8888888888888888,10.69839229818721,0.8,1.0,,,1.54,2026-09-23T19:31:58
stage3_large_random_init_to_self_recorded_fan_n5_full__fold2,stage3_large_random_init_to_self_recorded_fan_n5_full,2,5,358137755,5,1545,750,1369.0222119140626,15.458372116088867,2.19,0.6944444444444445,0.8275862068965517,10.12646835598745,0.7058823529411765,1.0,,,2.22,2026-09-23T19:32:00
stage3_large_random_init_to_self_recorded_fan_n5_full__fold3,stage3_large_random_init_to_self_recorded_fan_n5_full,3,5,19896837,5,1545,750,1390.235126953125,14.117069931030274,2.24,0.7083333333333333,0.8,10.634944594714941,0.7692307692307693,0.8333333333333334,,,2.27,2026-09-23T19:32:03
stage3_large_random_init_to_self_recorded_fan_n5_full__fold4,stage3_large_random_init_to_self_recorded_fan_n5_full,4,5,798225631,5,1545,750,1151.227763671875,12.176051445007325,1.61,0.75,0.8888888888888888,10.473721028793854,0.8,1.0,,,1.66,2026-09-23T19:32:04
stage3_large_random_init_to_self_recorded_fan_n5_full__fold5,stage3_large_random_init_to_self_recorded_fan_n5_full,5,5,1866860642,5,1545,750,1100.8985791015625,11.949087371826172,1.52,0.5694444444444444,0.8275862068965517,6.902363453096556,0.7058823529411765,1.0,,,1.55,2026-09-23T19:32:06
stage3_large_random_init_to_self_recorded_fan_n5_full__fold6,stage3_large_random_init_to_self_recorded_fan_n5_full,6,5,1601500557,5,1545,750,1122.7490576171874,14.417923393249511,1.53,0.6527777777777778,0.8275862068965517,9.666561805700407,0.7058823529411765,1.0,,,1.56,2026-09-23T19:32:07
stage3_large_random_init_to_self_recorded_fan_n5_full__fold7,stage3_large_random_init_to_self_recorded_fan_n5_full,7,5,286740588,5,1545,750,937.89087890625,10.80443286895752,1.54,0.47222222222222215,0.7857142857142857,9.429999283315006,0.6875,0.9166666666666666,,,1.57,2026-09-23T19:32:09
stage3_large_random_init_to_self_recorded_fan_n5_full__fold8,stage3_large_random_init_to_self_recorded_fan_n5_full,8,5,857813796,5,1545,750,1520.1725146484375,10.427512893676758,1.54,0.763888888888889,0.8461538461538461,10.832482035853305,0.7857142857142857,0.9166666666666666,,,1.57,2026-09-23T19:32:11
stage3_large_random_init_to_self_recorded_fan_n5_full__fold9,stage3_large_random_init_to_self_recorded_fan_n5_full,9,5,1375125998,5,1545,750,1349.5318017578124,13.623206100463868,1.58,0.7361111111111112,0.8275862068965517,9.549911063851662,0.7058823529411765,1.0,,,1.61,2026-09-23T19:32:12
