run_id,fold,file,label,score
stage3_large_random_init_to_self_recorded_fan_n5_full__fold0,0,blocked_12V_noise_run01.wav,1,1.2120045165e+01
stage3_large_random_init_to_self_recorded_fan_n5_full__fold0,0,blocked_12V_quiet_run01.wav,1,1.8325808041e+01
stage3_large_random_init_to_self_recorded_fan_n5_full__fold0,0,blocked_4V_noise_run01.wav,1,2.3437987503e+01
stage3_large_random_init_to_self_recorded_fan_n5_full__fold0,0,blocked_4V_quiet_run01.wav,1,1.6428429878e+01
stage3_large_random_init_to_self_recorded_fan_n5_full__fold0,0,blocked_8V_noise_run01.wav,1,1.4177425215e+01
stage3_large_random_init_to_self_recorded_fan_n5_full__fold0,0,blocked_8V_quiet_run01.wav,1,1.4249752005e+01
stage3_large_random_init_to_self_recorded_fan_n5_full__fold0,0,imbalance_12V_noise_run01.wav,1,2.0069852977e+01
stage3_large_random_init_to_self_recorded_fan_n5_full__fold0,0,imbalance_12V_quiet_run01.wav,1,3.6135714154e+01
stage3_large_random_init_to_self_recorded_fan_n5_full__fold0,0,imbalance_4V_noise_run01.wav,1,2.5612373611e+01
stage3_large_random_init_to_self_recorded_fan_n5_full__fold0,0,imbalance_4V_quiet_run01.wav,1,1.1114603516e+01
stage3_large_random_init_to_self_recorded_fan_n5_full__fold0,0,imbalance_8V_noise_run01.wav,1,1.8331407143e+01
stage3_large_random_init_to_self_recorded_fan_n5_full__fold0,0,imbalance_8V_quiet_run01.wav,1,1.5529109591e+01
stage3_large_random_init_to_self_recorded_fan_n5_full__fold0,0,normal_12V_noise_run01.wav,0,8.1044170972e+00
stage3_large_random_init_to_self_recorded_fan_n5_full__fold0,0,normal_12V_quiet_run01.wav,0,1.4055026233e+01
stage3_large_random_init_to_self_recorded_fan_n5_full__fold0,0,normal_4V_noise_run01.wav,0,2.3116488349e+01
stage3_large_random_init_to_self_recorded_fan_n5_full__fold0,0,normal_4V_quiet_run01.wav,0,2.0156149022e+01
stage3_large_random_init_to_self_recorded_fan_n5_full__fold0,0,normal_8V_noise_run01.wav,0,1.9628190670e+01
stage3_large_random_init_to_self_recorded_fan_n5_full__fold0,0,normal_8V_quiet_run01.wav,0,1.4761783347e+01
stage3_large_random_init_to_self_recorded_fan_n5_full__fold1,1,blocked_12V_noise_run02.wav,1,1.6602192286e+01
stage3_large_random_init_to_self_recorded_fan_n5_full__fold1,1,blocked_12V_quiet_run02.wav,1,2.6071793646e+01
stage3_large_random_init_to_self_recorded_fan_n5_full__fold1,1,blocked_4V_noise_run02.wav,1,1.6351427220e+01
stage3_large_random_init_to_self_recorded_fan_n5_full__fold1,1,blocked_4V_quiet_run02.wav,1,1.3586386872e+01
stage3_large_random_init_to_self_recorded_fan_n5_full__fold1,1,blocked_8V_noise_run02.wav,1,1.0943986564e+01
stage3_large_random_init_to_self_recorded_fan_n5_full__fold1,1,blocked_8V_quiet_run02.wav,1,1.4257005763e+01
stage3_large_random_init_to_self_recorded_fan_n5_full__fold1,1,imbalance_12V_noise_run02.wav,1,2.8160286740e+01
stage3_large_random_init_to_self_recorded_fan_n5_full__fold1,1,imbalance_12V_quiet_run02.wav,1,2.7237049056e+01
stage3_large_random_init_to_self_recorded_fan_n5_full__fold1,1,imbalance_4V_noise_run02.wav,1,1.9110766658e+01
stage3_large_random_init_to_self_recorded_fan_n5_full__fold1,1,imbalance_4V_quiet_run02.wav,1,1.5076222151e+01
stage3_large_random_init_to_self_recorded_fan_n5_full__fold1,1,imbalance_8V_noise_run02.wav,1,1.9652700310e+01
stage3_large_random_init_to_self_recorded_fan_n5_full__fold1,1,imbalance_8V_quiet_run02.wav,1,1.9862942578e+01
stage3_large_random_init_to_self_recorded_fan_n5_full__fold1,1,normal_12V_noise_run02.wav,0,1.0290212986e+01
stage3_large_random_init_to_self_recorded_fan_n5_full__fold1,1,normal_12V_quiet_run02.wav,0,2.3260918664e+01
stage3_large_random_init_to_self_recorded_fan_n5_full__fold1,1,normal_4V_noise_run02.wav,0,1.4896486353e+01
stage3_large_random_init_to_self_recorded_fan_n5_full__fold1,1,normal_4V_quiet_run02.wav,0,2.0359166087e+01
stage3_large_random_init_to_self_recorded_fan_n5_full__fold1,1,normal_8V_noise_run02.wav,0,9.8363029718e+00
stage3_large_random_init_to_self_recorded_fan_n5_full__fold1,1,normal_8V_quiet_run02.wav,0,1.0689935232e+01
stage3_large_random_init_to_self_recorded_fan_n5_full__fold2,2,blocked_12V_noise_run03.wav,1,1.4409518834e+01
stage3_large_random_init_to_self_recorded_fan_n5_full__fold2,2,blocked_12V_quiet_run03.wav,1,2.4071325833e+01
stage3_large_random_init_to_self_recorded_fan_n5_full__fold2,2,blocked_4V_noise_run03.wav,1,1.5625972007e+01
stage3_large_random_init_to_self_recorded_fan_n5_full__fold2,2,blocked_4V_quiet_run03.wav,1,1.0742707540e+01
stage3_large_random_init_to_self_recorded_fan_n5_full__fold2,2,blocked_8V_noise_run03.wav,1,1.3748535795e+01
stage3_large_random_init_to_self_recorded_fan_n5_full__fold2,2,blocked_8V_quiet_run03.wav,1,1.5452439694e+01
stage3_large_random_init_to_self_recorded_fan_n5_full__fold2,2,imbalance_12V_noise_run03.wav,1,2.4567358085e+01
stage3_large_random_init_to_self_recorded_fan_n5_full__fold2,2,imbalance_12V_quiet_run03.wav,1,2.6103391623e+01
stage3_large_random_init_to_self_recorded_fan_n5_full__fold2,2,imbalance_4V_noise_run03.wav,1,1.6938282260e+01
stage3_large_random_init_to_self_recorded_fan_n5_full__fold2,2,imbalance_4V_quiet_run03.wav,1,1.2029777045e+01
stage3_large_random_init_to_self_recorded_fan_n5_full__fold2,2,imbalance_8V_noise_run03.wav,1,2.2558876118e+01
stage3_large_random_init_to_self_recorded_fan_n5_full__fold2,2,imbalance_8V_quiet_run03.wav,1,2.4081349746e+01
stage3_large_random_init_to_self_recorded_fan_n5_full__fold2,2,normal_12V_noise_run03.wav,0,1.0126468356e+01
stage3_large_random_init_to_self_recorded_fan_n5_full__fold2,2,normal_12V_quiet_run03.wav,0,1.9285286339e+01
stage3_large_random_init_to_self_recorded_fan_n5_full__fold2,2,normal_4V_noise_run03.wav,0,1.0753234251e+01
stage3_large_random_init_to_self_recorded_fan_n5_full__fold2,2,normal_4V_quiet_run03.wav,0,1.4776402856e+01
stage3_large_random_init_to_self_recorded_fan_n5_full__fold2,2,normal_8V_noise_run03.wav,0,1.4722355272e+01
stage3_large_random_init_to_self_recorded_fan_n5_full__fold2,2,normal_8V_quiet_run03.wav,0,1.6129488217e+01
stage3_large_random_init_to_self_recorded_fan_n5_full__fold3,3,blocked_12V_noise_run04.wav,1,1.5864764183e+01
stage3_large_random_init_to_self_recorded_fan_n5_full__fold3,3,blocked_12V_quiet_run04.wav,1,2.4713562277e+01
stage3_large_random_init_to_self_recorded_fan_n5_full__fold3,3,blocked_4V_noise_run04.wav,1,1.6635040370e+01
stage3_large_random_init_to_self_recorded_fan_n5_full__fold3,3,blocked_4V_quiet_run04.wav,1,8.8752876964e+00
stage3_large_random_init_to_self_recorded_fan_n5_full__fold3,3,blocked_8V_noise_run04.wav,1,1.1103717208e+01
stage3_large_random_init_to_self_recorded_fan_n5_full__fold3,3,blocked_8V_quiet_run04.wav,1,1.2952615355e+01
stage3_large_random_init_to_self_recorded_fan_n5_full__fold3,3,imbalance_12V_noise_run04.wav,1,2.8655398748e+01
stage3_large_random_init_to_self_recorded_fan_n5_full__fold3,3,imbalance_12V_quiet_run04.wav,1,3.0313058933e+01
stage3_large_random_init_to_self_recorded_fan_n5_full__fold3,3,imbalance_4V_noise_run04.wav,1,1.8578383233e+01
stage3_large_random_init_to_self_recorded_fan_n5_full__fold3,3,imbalance_4V_quiet_run04.wav,1,9.1512619917e+00
stage3_large_random_init_to_self_recorded_fan_n5_full__fold3,3,imbalance_8V_noise_run04.wav,1,1.5069094575e+01
stage3_large_random_init_to_self_recorded_fan_n5_full__fold3,3,imbalance_8V_quiet_run04.wav,1,2.4777077240e+01
stage3_large_random_init_to_self_recorded_fan_n5_full__fold3,3,normal_12V_noise_run04.wav,0,1.0617335102e+01
stage3_large_random_init_to_self_recorded_fan_n5_full__fold3,3,normal_12V_quiet_run04.wav,0,2.3617752797e+01
stage3_large_random_init_to_self_recorded_fan_n5_full__fold3,3,normal_4V_noise_run04.wav,0,1.3665021535e+01
stage3_large_random_init_to_self_recorded_fan_n5_full__fold3,3,normal_4V_quiet_run04.wav,0,1.1754639400e+01
stage3_large_random_init_to_self_recorded_fan_n5_full__fold3,3,normal_8V_noise_run04.wav,0,1.0219772114e+01
stage3_large_random_init_to_self_recorded_fan_n5_full__fold3,3,normal_8V_quiet_run04.wav,0,1.0103877639e+01
stage3_large_random_init_to_self_recorded_fan_n5_full__fold4,4,blocked_12V_noise_run05.wav,1,1.6031724698e+01
stage3_large_random_init_to_self_recorded_fan_n5_full__fold4,4,blocked_12V_quiet_run05.wav,1,2.5378687590e+01
stage3_large_random_init_to_self_recorded_fan_n5_full__fold4,4,blocked_4V_noise_run05.wav,1,1.3362997580e+01
stage3_large_random_init_to_self_recorded_fan_n5_full__fold4,4,blocked_4V_quiet_run05.wav,1,1.4890210152e+01
stage3_large_random_init_to_self_recorded_fan_n5_full__fold4,4,blocked_8V_noise_run05.wav,1,1.1440911043e+01
stage3_large_random_init_to_self_recorded_fan_n5_full__fold4,4,blocked_8V_quiet_run05.wav,1,1.5077282017e+01
stage3_large_random_init_to_self_recorded_fan_n5_full__fold4,4,imbalance_12V_noise_run05.wav,1,2.7065978010e+01
stage3_large_random_init_to_self_recorded_fan_n5_full__fold4,4,imbalance_12V_quiet_run05.wav,1,3.1520087597e+01
stage3_large_random_init_to_self_recorded_fan_n5_full__fold4,4,imbalance_4V_noise_run05.wav,1,1.6828722441e+01
stage3_large_random_init_to_self_recorded_fan_n5_full__fold4,4,imbalance_4V_quiet_run05.wav,1,1.4883096284e+01
stage3_large_random_init_to_self_recorded_fan_n5_full__fold4,4,imbalance_8V_noise_run05.wav,1,1.4412658815e+01
stage3_large_random_init_to_self_recorded_fan_n5_full__fold4,4,imbalance_8V_quiet_run05.wav,1,3.0645514485e+01
stage3_large_random_init_to_self_recorded_fan_n5_full__fold4,4,normal_12V_noise_run05.wav,0,8.4153401227e+00
stage3_large_random_init_to_self_recorded_fan_n5_full__fold4,4,normal_12V_quiet_run05.wav,0,2.2571060230e+01
stage3_large_random_init_to_self_recorded_fan_n5_full__fold4,4,normal_4V_noise_run05.wav,0,1.0468675413e+01
stage3_large_random_init_to_self_recorded_fan_n5_full__fold4,4,normal_4V_quiet_run05.wav,0,1.8384235283e+01
stage3_large_random_init_to_self_recorded_fan_n5_full__fold4,4,normal_8V_noise_run05.wav,0,8.7747195654e+00
stage3_large_random_init_to_self_recorded_fan_n5_full__fold4,4,normal_8V_quiet_run05.wav,0,1.3644120784e+01
stage3_large_random_init_to_self_recorded_fan_n5_full__fold5,5,blocked_12V_noise_run06.wav,1,1.2512380828e+01
stage3_large_random_init_to_self_recorded_fan_n5_full__fold5,5,blocked_12V_quiet_run06.wav,1,2.2402486530e+01
stage3_large_random_init_to_self_recorded_fan_n5_full__fold5,5,blocked_4V_noise_run06.wav,1,1.6897922497e+01
stage3_large_random_init_to_self_recorded_fan_n5_full__fold5,5,blocked_4V_quiet_run06.wav,1,1.3295174077e+01
stage3_large_random_init_to_self_recorded_fan_n5_full__fold5,5,blocked_8V_noise_run06.wav,1,1.1698905537e+01
stage3_large_random_init_to_self_recorded_fan_n5_full__fold5,5,blocked_8V_quiet_run06.wav,1,1.3734166584e+01
stage3_large_random_init_to_self_recorded_fan_n5_full__fold5,5,imbalance_12V_noise_run06.wav,1,1.9939020348e+01
stage3_large_random_init_to_self_recorded_fan_n5_full__fold5,5,imbalance_12V_quiet_run06.wav,1,2.6682856773e+01
stage3_large_random_init_to_self_recorded_fan_n5_full__fold5,5,imbalance_4V_noise_run06.wav,1,2.0213364345e+01
stage3_large_random_init_to_self_recorded_fan_n5_full__fold5,5,imbalance_4V_quiet_run06.wav,1,1.4544370877e+01
stage3_large_random_init_to_self_recorded_fan_n5_full__fold5,5,imbalance_8V_noise_run06.wav,1,1.3834181316e+01
stage3_large_random_init_to_self_recorded_fan_n5_full__fold5,5,imbalance_8V_quiet_run06.wav,1,2.4725965271e+01
stage3_large_random_init_to_self_recorded_fan_n5_full__fold5,5,normal_12V_noise_run06.wav,0,6.9023634531e+00
stage3_large_random_init_to_self_recorded_fan_n5_full__fold5,5,normal_12V_quiet_run06.wav,0,1.7266414997e+01
stage3_large_random_init_to_self_recorded_fan_n5_full__fold5,5,normal_4V_noise_run06.wav,0,1.4229164636e+01
stage3_large_random_init_to_self_recorded_fan_n5_full__fold5,5,normal_4V_quiet_run06.wav,0,2.1183905765e+01
stage3_large_random_init_to_self_recorded_fan_n5_full__fold5,5,normal_8V_noise_run06.wav,0,1.4218232902e+01
stage3_large_random_init_to_self_recorded_fan_n5_full__fold5,5,normal_8V_quiet_run06.wav,0,1.4435062445e+01
stage3_large_random_init_to_self_recorded_fan_n5_full__fold6,6,blocked_12V_noise_run07.wav,1,1.1802214459e+01
stage3_large_random_init_to_self_recorded_fan_n5_full__fold6,6,blocked_12V_quiet_run07.wav,1,1.9653505714e+01
stage3_large_random_init_to_self_recorded_fan_n5_full__fold6,6,blocked_4V_noise_run07.wav,1,1.9878498386e+01
stage3_large_random_init_to_self_recorded_fan_n5_full__fold6,6,blocked_4V_quiet_run07.wav,1,1.3463184776e+01
stage3_large_random_init_to_self_recorded_fan_n5_full__fold6,6,blocked_8V_noise_run07.wav,1,9.6815251656e+00
stage3_large_random_init_to_self_recorded_fan_n5_full__fold6,6,blocked_8V_quiet_run07.wav,1,1.1085733509e+01
stage3_large_random_init_to_self_recorded_fan_n5_full__fold6,6,imbalance_12V_noise_run07.wav,1,2.1434442847e+01
stage3_large_random_init_to_self_recorded_fan_n5_full__fold6,6,imbalance_12V_quiet_run07.wav,1,3.0920685321e+01
stage3_large_random_init_to_self_recorded_fan_n5_full__fold6,6,imbalance_4V_noise_run07.wav,1,2.2662037056e+01
stage3_large_random_init_to_self_recorded_fan_n5_full__fold6,6,imbalance_4V_quiet_run07.wav,1,2.7083024361e+01
stage3_large_random_init_to_self_recorded_fan_n5_full__fold6,6,imbalance_8V_noise_run07.wav,1,1.3187145949e+01
stage3_large_random_init_to_self_recorded_fan_n5_full__fold6,6,imbalance_8V_quiet_run07.wav,1,1.4829808565e+01
stage3_large_random_init_to_self_recorded_fan_n5_full__fold6,6,normal_12V_noise_run07.wav,0,9.6665618057e+00
stage3_large_random_init_to_self_recorded_fan_n5_full__fold6,6,normal_12V_quiet_run07.wav,0,1.8659114844e+01
stage3_large_random_init_to_self_recorded_fan_n5_full__fold6,6,normal_4V_noise_run07.wav,0,1.6238940261e+01
stage3_large_random_init_to_self_recorded_fan_n5_full__fold6,6,normal_4V_quiet_run07.wav,0,2.0699948055e+01
stage3_large_random_init_to_self_recorded_fan_n5_full__fold6,6,normal_8V_noise_run07.wav,0,1.2229663232e+01
stage3_large_random_init_to_self_recorded_fan_n5_full__fold6,6,normal_8V_quiet_run07.wav,0,1.1769353598e+01
stage3_large_random_init_to_self_recorded_fan_n5_full__fold7,7,blocked_12V_noise_run08.wav,1,9.3596120591e+00
stage3_large_random_init_to_self_recorded_fan_n5_full__fold7,7,blocked_12V_quiet_run08.wav,1,1.5873388673e+01
stage3_large_random_init_to_self_recorded_fan_n5_full__fold7,7,blocked_4V_noise_run08.wav,1,3.0083168295e+01
stage3_large_random_init_to_self_recorded_fan_n5_full__fold7,7,blocked_4V_quiet_run08.wav,1,2.0612234029e+01
stage3_large_random_init_to_self_recorded_fan_n5_full__fold7,7,blocked_8V_noise_run08.wav,1,1.2241150708e+01
stage3_large_random_init_to_self_recorded_fan_n5_full__fold7,7,blocked_8V_quiet_run08.wav,1,1.1841682437e+01
stage3_large_random_init_to_self_recorded_fan_n5_full__fold7,7,imbalance_12V_noise_run08.wav,1,1.6321974887e+01
stage3_large_random_init_to_self_recorded_fan_n5_full__fold7,7,imbalance_12V_quiet_run08.wav,1,2.4177674951e+01
stage3_large_random_init_to_self_recorded_fan_n5_full__fold7,7,imbalance_4V_noise_run08.wav,1,3.2798557738e+01
stage3_large_random_init_to_self_recorded_fan_n5_full__fold7,7,imbalance_4V_quiet_run08.wav,1,2.0075408158e+01
stage3_large_random_init_to_self_recorded_fan_n5_full__fold7,7,imbalance_8V_noise_run08.wav,1,1.5180486895e+01
stage3_large_random_init_to_self_recorded_fan_n5_full__fold7,7,imbalance_8V_quiet_run08.wav,1,1.4189321564e+01
stage3_large_random_init_to_self_recorded_fan_n5_full__fold7,7,normal_12V_noise_run08.wav,0,9.4093238775e+00
stage3_large_random_init_to_self_recorded_fan_n5_full__fold7,7,normal_12V_quiet_run08.wav,0,1.3009973748e+01
stage3_large_random_init_to_self_recorded_fan_n5_full__fold7,7,normal_4V_noise_run08.wav,0,2.7031678542e+01
stage3_large_random_init_to_self_recorded_fan_n5_full__fold7,7,normal_4V_quiet_run08.wav,0,3.0256893707e+01
stage3_large_random_init_to_self_recorded_fan_n5_full__fold7,7,normal_8V_noise_run08.wav,0,2.0852742115e+01
stage3_large_random_init_to_self_recorded_fan_n5_full__fold7,7,normal_8V_quiet_run08.wav,0,1.4314088911e+01
stage3_large_random_init_to_self_recorded_fan_n5_full__fold8,8,blocked_12V_noise_run09.wav,1,1.7743728468e+01
stage3_large_random_init_to_self_recorded_fan_n5_full__fold8,8,blocked_12V_quiet_run09.wav,1,2.8733783605e+01
stage3_large_random_init_to_self_recorded_fan_n5_full__fold8,8,blocked_4V_noise_run09.wav,1,1.5957126201e+01
stage3_large_random_init_to_self_recorded_fan_n5_full__fold8,8,blocked_4V_quiet_run09.wav,1,9.7254934434e+00
stage3_large_random_init_to_self_recorded_fan_n5_full__fold8,8,blocked_8V_noise_run09.wav,1,1.1778675431e+01
stage3_large_random_init_to_self_recorded_fan_n5_full__fold8,8,blocked_8V_quiet_run09.wav,1,1.4875493741e+01
stage3_large_random_init_to_self_recorded_fan_n5_full__fold8,8,imbalance_12V_noise_run09.wav,1,3.0241470936e+01
stage3_large_random_init_to_self_recorded_fan_n5_full__fold8,8,imbalance_12V_quiet_run09.wav,1,3.4004510145e+01
stage3_large_random_init_to_self_recorded_fan_n5_full__fold8,8,imbalance_4V_noise_run09.wav,1,1.8860386879e+01
stage3_large_random_init_to_self_recorded_fan_n5_full__fold8,8,imbalance_4V_quiet_run09.wav,1,1.2647373678e+01
stage3_large_random_init_to_self_recorded_fan_n5_full__fold8,8,imbalance_8V_noise_run09.wav,1,2.2298938100e+01
stage3_large_random_init_to_self_recorded_fan_n5_full__fold8,8,imbalance_8V_quiet_run09.wav,1,2.6541640093e+01
stage3_large_random_init_to_self_recorded_fan_n5_full__fold8,8,normal_12V_noise_run09.wav,0,1.2186405879e+01
stage3_large_random_init_to_self_recorded_fan_n5_full__fold8,8,normal_12V_quiet_run09.wav,0,2.9397689906e+01
stage3_large_random_init_to_self_recorded_fan_n5_full__fold8,8,normal_4V_noise_run09.wav,0,1.3979506801e+01
stage3_large_random_init_to_self_recorded_fan_n5_full__fold8,8,normal_4V_quiet_run09.wav,0,1.0829333475e+01
stage3_large_random_init_to_self_recorded_fan_n5_full__fold8,8,normal_8V_noise_run09.wav,0,9.0327128623e+00
stage3_large_random_init_to_self_recorded_fan_n5_full__fold8,8,normal_8V_quiet_run09.wav,0,1.0137171060e+01
stage3_large_random_init_to_self_recorded_fan_n5_full__fold9,9,blocked_12V_noise_run10.wav,1,1.3712288113e+01
stage3_large_random_init_to_self_recorded_fan_n5_full__fold9,9,blocked_12V_quiet_run10.wav,1,2.2317656199e+01
stage3_large_random_init_to_self_recorded_fan_n5_full__fold9,9,blocked_4V_noise_run10.wav,1,2.1376556792e+01
stage3_large_random_init_to_self_recorded_fan_n5_full__fold9,9,blocked_4V_quiet_run10.wav,1,1.0091580784e+01
stage3_large_random_init_to_self_recorded_fan_n5_full__fold9,9,blocked_8V_noise_run10.wav,1,1.4334378631e+01
stage3_large_random_init_to_self_recorded_fan_n5_full__fold9,9,blocked_8V_quiet_run10.wav,1,1.3523147043e+01
stage3_large_random_init_to_self_recorded_fan_n5_full__fold9,9,imbalance_12V_noise_run10.wav,1,2.4021241537e+01
stage3_large_random_init_to_self_recorded_fan_n5_full__fold9,9,imbalance_12V_quiet_run10.wav,1,2.3005973094e+01
stage3_large_random_init_to_self_recorded_fan_n5_full__fold9,9,imbalance_4V_noise_run10.wav,1,2.6218996184e+01
stage3_large_random_init_to_self_recorded_fan_n5_full__fold9,9,imbalance_4V_quiet_run10.wav,1,1.0099686704e+01
stage3_large_random_init_to_self_recorded_fan_n5_full__fold9,9,imbalance_8V_noise_run10.wav,1,1.9898374530e+01
stage3_large_random_init_to_self_recorded_fan_n5_full__fold9,9,imbalance_8V_quiet_run10.wav,1,2.3800106981e+01
stage3_large_random_init_to_self_recorded_fan_n5_full__fold9,9,normal_12V_noise_run10.wav,0,9.5499110639e+00
stage3_large_random_init_to_self_recorded_fan_n5_full__fold9,9,normal_12V_quiet_run10.wav,0,1.7665438945e+01
stage3_large_random_init_to_self_recorded_fan_n5_full__fold9,9,normal_4V_noise_run10.wav,0,1.9547646131e+01
stage3_large_random_init_to_self_recorded_fan_n5_full__fold9,9,normal_4V_quiet_run10.wav,0,1.3041073185e+01
stage3_large_random_init_to_self_recorded_fan_n5_full__fold9,9,normal_8V_noise_run10.wav,0,1.7774256935e+01
stage3_large_random_init_to_self_recorded_fan_n5_full__fold9,9,normal_8V_quiet_run10.wav,0,1.2989457936e+01
