model,file,condition,voltage,noise,run,label,score
id_00,blocked_12V_noise_run01.wav,blocked,12V,noise,1,1,45.89426803588867
id_00,blocked_12V_noise_run02.wav,blocked,12V,noise,2,1,43.89749526977539
id_00,blocked_12V_noise_run03.wav,blocked,12V,noise,3,1,42.35697555541992
id_00,blocked_12V_noise_run04.wav,blocked,12V,noise,4,1,42.85215759277344
id_00,blocked_12V_noise_run05.wav,blocked,12V,noise,5,1,42.886260986328125
id_00,blocked_12V_noise_run06.wav,blocked,12V,noise,6,1,42.961090087890625
id_00,blocked_12V_noise_run07.wav,blocked,12V,noise,7,1,41.5809211730957
id_00,blocked_12V_noise_run08.wav,blocked,12V,noise,8,1,43.88270950317383
id_00,blocked_12V_noise_run09.wav,blocked,12V,noise,9,1,41.21161651611328
id_00,blocked_12V_noise_run10.wav,blocked,12V,noise,10,1,43.35511016845703
id_00,blocked_12V_quiet_run01.wav,blocked,12V,quiet,1,1,56.112037658691406
id_00,blocked_12V_quiet_run02.wav,blocked,12V,quiet,2,1,57.84358596801758
id_00,blocked_12V_quiet_run03.wav,blocked,12V,quiet,3,1,57.23796844482422
id_00,blocked_12V_quiet_run04.wav,blocked,12V,quiet,4,1,57.60475540161133
id_00,blocked_12V_quiet_run05.wav,blocked,12V,quiet,5,1,56.65421676635742
id_00,blocked_12V_quiet_run06.wav,blocked,12V,quiet,6,1,58.2739143371582
id_00,blocked_12V_quiet_run07.wav,blocked,12V,quiet,7,1,57.15614318847656
id_00,blocked_12V_quiet_run08.wav,blocked,12V,quiet,8,1,56.994510650634766
id_00,blocked_12V_quiet_run09.wav,blocked,12V,quiet,9,1,58.166099548339844
id_00,blocked_12V_quiet_run10.wav,blocked,12V,quiet,10,1,58.73115158081055
id_00,blocked_4V_noise_run01.wav,blocked,4V,noise,1,1,24.83177375793457
id_00,blocked_4V_noise_run02.wav,blocked,4V,noise,2,1,24.85053825378418
id_00,blocked_4V_noise_run03.wav,blocked,4V,noise,3,1,26.29658317565918
id_00,blocked_4V_noise_run04.wav,blocked,4V,noise,4,1,24.667957305908203
id_00,blocked_4V_noise_run05.wav,blocked,4V,noise,5,1,25.28341293334961
id_00,blocked_4V_noise_run06.wav,blocked,4V,noise,6,1,23.8211669921875
id_00,blocked_4V_noise_run07.wav,blocked,4V,noise,7,1,25.658035278320312
id_00,blocked_4V_noise_run08.wav,blocked,4V,noise,8,1,25.772323608398438
id_00,blocked_4V_noise_run09.wav,blocked,4V,noise,9,1,24.724193572998047
id_00,blocked_4V_noise_run10.wav,blocked,4V,noise,10,1,23.93128776550293
id_00,blocked_4V_quiet_run01.wav,blocked,4V,quiet,1,1,29.339548110961914
id_00,blocked_4V_quiet_run02.wav,blocked,4V,quiet,2,1,28.79774284362793
id_00,blocked_4V_quiet_run03.wav,blocked,4V,quiet,3,1,30.970272064208984
id_00,blocked_4V_quiet_run04.wav,blocked,4V,quiet,4,1,30.81111717224121
id_00,blocked_4V_quiet_run05.wav,blocked,4V,quiet,5,1,30.628889083862305
id_00,blocked_4V_quiet_run06.wav,blocked,4V,quiet,6,1,28.602012634277344
id_00,blocked_4V_quiet_run07.wav,blocked,4V,quiet,7,1,30.548133850097656
id_00,blocked_4V_quiet_run08.wav,blocked,4V,quiet,8,1,29.05443572998047
id_00,blocked_4V_quiet_run09.wav,blocked,4V,quiet,9,1,29.868350982666016
id_00,blocked_4V_quiet_run10.wav,blocked,4V,quiet,10,1,29.17466926574707
id_00,blocked_8V_noise_run01.wav,blocked,8V,noise,1,1,36.927513122558594
id_00,blocked_8V_noise_run02.wav,blocked,8V,noise,2,1,36.66909408569336
id_00,blocked_8V_noise_run03.wav,blocked,8V,noise,3,1,36.37716293334961
id_00,blocked_8V_noise_run04.wav,blocked,8V,noise,4,1,37.333370208740234
id_00,blocked_8V_noise_run05.wav,blocked,8V,noise,5,1,36.2520751953125
id_00,blocked_8V_noise_run06.wav,blocked,8V,noise,6,1,36.41872024536133
id_00,blocked_8V_noise_run07.wav,blocked,8V,noise,7,1,37.017642974853516
id_00,blocked_8V_noise_run08.wav,blocked,8V,noise,8,1,36.154239654541016
id_00,blocked_8V_noise_run09.wav,blocked,8V,noise,9,1,36.005714416503906
id_00,blocked_8V_noise_run10.wav,blocked,8V,noise,10,1,36.38843536376953
id_00,blocked_8V_quiet_run01.wav,blocked,8V,quiet,1,1,42.6201171875
id_00,blocked_8V_quiet_run02.wav,blocked,8V,quiet,2,1,43.277103424072266
id_00,blocked_8V_quiet_run03.wav,blocked,8V,quiet,3,1,42.985321044921875
id_00,blocked_8V_quiet_run04.wav,blocked,8V,quiet,4,1,43.46693801879883
id_00,blocked_8V_quiet_run05.wav,blocked,8V,quiet,5,1,43.10663986206055
id_00,blocked_8V_quiet_run06.wav,blocked,8V,quiet,6,1,43.724998474121094
id_00,blocked_8V_quiet_run07.wav,blocked,8V,quiet,7,1,44.01823043823242
id_00,blocked_8V_quiet_run08.wav,blocked,8V,quiet,8,1,44.075035095214844
id_00,blocked_8V_quiet_run09.wav,blocked,8V,quiet,9,1,44.038047790527344
id_00,blocked_8V_quiet_run10.wav,blocked,8V,quiet,10,1,43.58112716674805
id_00,imbalance_12V_noise_run01.wav,imbalance,12V,noise,1,1,56.53899002075195
id_00,imbalance_12V_noise_run02.wav,imbalance,12V,noise,2,1,55.9720458984375
id_00,imbalance_12V_noise_run03.wav,imbalance,12V,noise,3,1,53.124229431152344
id_00,imbalance_12V_noise_run04.wav,imbalance,12V,noise,4,1,53.9033203125
id_00,imbalance_12V_noise_run05.wav,imbalance,12V,noise,5,1,52.04149627685547
id_00,imbalance_12V_noise_run06.wav,imbalance,12V,noise,6,1,51.097599029541016
id_00,imbalance_12V_noise_run07.wav,imbalance,12V,noise,7,1,52.10670471191406
id_00,imbalance_12V_noise_run08.wav,imbalance,12V,noise,8,1,53.49799346923828
id_00,imbalance_12V_noise_run09.wav,imbalance,12V,noise,9,1,49.88148498535156
id_00,imbalance_12V_noise_run10.wav,imbalance,12V,noise,10,1,54.5446662902832
id_00,imbalance_12V_quiet_run01.wav,imbalance,12V,quiet,1,1,62.9045524597168
id_00,imbalance_12V_quiet_run02.wav,imbalance,12V,quiet,2,1,60.391700744628906
id_00,imbalance_12V_quiet_run03.wav,imbalance,12V,quiet,3,1,62.24120330810547
id_00,imbalance_12V_quiet_run04.wav,imbalance,12V,quiet,4,1,64.91217803955078
id_00,imbalance_12V_quiet_run05.wav,imbalance,12V,quiet,5,1,67.83956909179688
id_00,imbalance_12V_quiet_run06.wav,imbalance,12V,quiet,6,1,70.01200103759766
id_00,imbalance_12V_quiet_run07.wav,imbalance,12V,quiet,7,1,70.37557220458984
id_00,imbalance_12V_quiet_run08.wav,imbalance,12V,quiet,8,1,71.22848510742188
id_00,imbalance_12V_quiet_run09.wav,imbalance,12V,quiet,9,1,60.23675537109375
id_00,imbalance_12V_quiet_run10.wav,imbalance,12V,quiet,10,1,57.53886032104492
id_00,imbalance_4V_noise_run01.wav,imbalance,4V,noise,1,1,20.604297637939453
id_00,imbalance_4V_noise_run02.wav,imbalance,4V,noise,2,1,20.232391357421875
id_00,imbalance_4V_noise_run03.wav,imbalance,4V,noise,3,1,19.95330810546875
id_00,imbalance_4V_noise_run04.wav,imbalance,4V,noise,4,1,19.980443954467773
id_00,imbalance_4V_noise_run05.wav,imbalance,4V,noise,5,1,19.660181045532227
id_00,imbalance_4V_noise_run06.wav,imbalance,4V,noise,6,1,20.998703002929688
id_00,imbalance_4V_noise_run07.wav,imbalance,4V,noise,7,1,20.012168884277344
id_00,imbalance_4V_noise_run08.wav,imbalance,4V,noise,8,1,20.023845672607422
id_00,imbalance_4V_noise_run09.wav,imbalance,4V,noise,9,1,19.978744506835938
id_00,imbalance_4V_noise_run10.wav,imbalance,4V,noise,10,1,19.417037963867188
id_00,imbalance_4V_quiet_run01.wav,imbalance,4V,quiet,1,1,36.89995574951172
id_00,imbalance_4V_quiet_run02.wav,imbalance,4V,quiet,2,1,31.12514877319336
id_00,imbalance_4V_quiet_run03.wav,imbalance,4V,quiet,3,1,32.44309997558594
id_00,imbalance_4V_quiet_run04.wav,imbalance,4V,quiet,4,1,31.98838996887207
id_00,imbalance_4V_quiet_run05.wav,imbalance,4V,quiet,5,1,34.04500961303711
id_00,imbalance_4V_quiet_run06.wav,imbalance,4V,quiet,6,1,35.76680374145508
id_00,imbalance_4V_quiet_run07.wav,imbalance,4V,quiet,7,1,40.95787048339844
id_00,imbalance_4V_quiet_run08.wav,imbalance,4V,quiet,8,1,41.51136779785156
id_00,imbalance_4V_quiet_run09.wav,imbalance,4V,quiet,9,1,31.26813316345215
id_00,imbalance_4V_quiet_run10.wav,imbalance,4V,quiet,10,1,32.48552703857422
id_00,imbalance_8V_noise_run01.wav,imbalance,8V,noise,1,1,42.25101852416992
id_00,imbalance_8V_noise_run02.wav,imbalance,8V,noise,2,1,42.52604293823242
id_00,imbalance_8V_noise_run03.wav,imbalance,8V,noise,3,1,44.42616653442383
id_00,imbalance_8V_noise_run04.wav,imbalance,8V,noise,4,1,36.17693328857422
id_00,imbalance_8V_noise_run05.wav,imbalance,8V,noise,5,1,36.93135070800781
id_00,imbalance_8V_noise_run06.wav,imbalance,8V,noise,6,1,37.257232666015625
id_00,imbalance_8V_noise_run07.wav,imbalance,8V,noise,7,1,36.6663703918457
id_00,imbalance_8V_noise_run08.wav,imbalance,8V,noise,8,1,36.147552490234375
id_00,imbalance_8V_noise_run09.wav,imbalance,8V,noise,9,1,38.491024017333984
id_00,imbalance_8V_noise_run10.wav,imbalance,8V,noise,10,1,37.206661224365234
id_00,imbalance_8V_quiet_run01.wav,imbalance,8V,quiet,1,1,51.207767486572266
id_00,imbalance_8V_quiet_run02.wav,imbalance,8V,quiet,2,1,54.01351547241211
id_00,imbalance_8V_quiet_run03.wav,imbalance,8V,quiet,3,1,50.367149353027344
id_00,imbalance_8V_quiet_run04.wav,imbalance,8V,quiet,4,1,51.5640754699707
id_00,imbalance_8V_quiet_run05.wav,imbalance,8V,quiet,5,1,52.608055114746094
id_00,imbalance_8V_quiet_run06.wav,imbalance,8V,quiet,6,1,49.86174011230469
id_00,imbalance_8V_quiet_run07.wav,imbalance,8V,quiet,7,1,52.42990493774414
id_00,imbalance_8V_quiet_run08.wav,imbalance,8V,quiet,8,1,58.92563247680664
id_00,imbalance_8V_quiet_run09.wav,imbalance,8V,quiet,9,1,59.295265197753906
id_00,imbalance_8V_quiet_run10.wav,imbalance,8V,quiet,10,1,60.496646881103516
id_00,normal_12V_noise_run01.wav,normal,12V,noise,1,0,28.245380401611328
id_00,normal_12V_noise_run02.wav,normal,12V,noise,2,0,28.579315185546875
id_00,normal_12V_noise_run03.wav,normal,12V,noise,3,0,29.019506454467773
id_00,normal_12V_noise_run04.wav,normal,12V,noise,4,0,27.447322845458984
id_00,normal_12V_noise_run05.wav,normal,12V,noise,5,0,25.869384765625
id_00,normal_12V_noise_run06.wav,normal,12V,noise,6,0,28.589035034179688
id_00,normal_12V_noise_run07.wav,normal,12V,noise,7,0,26.788105010986328
id_00,normal_12V_noise_run08.wav,normal,12V,noise,8,0,26.397186279296875
id_00,normal_12V_noise_run09.wav,normal,12V,noise,9,0,27.133909225463867
id_00,normal_12V_noise_run10.wav,normal,12V,noise,10,0,26.209075927734375
id_00,normal_12V_quiet_run01.wav,normal,12V,quiet,1,0,51.1053581237793
id_00,normal_12V_quiet_run02.wav,normal,12V,quiet,2,0,51.22520065307617
id_00,normal_12V_quiet_run03.wav,normal,12V,quiet,3,0,51.45305252075195
id_00,normal_12V_quiet_run04.wav,normal,12V,quiet,4,0,51.59825134277344
id_00,normal_12V_quiet_run05.wav,normal,12V,quiet,5,0,50.41460418701172
id_00,normal_12V_quiet_run06.wav,normal,12V,quiet,6,0,49.87900161743164
id_00,normal_12V_quiet_run07.wav,normal,12V,quiet,7,0,53.51615905761719
id_00,normal_12V_quiet_run08.wav,normal,12V,quiet,8,0,53.55579376220703
id_00,normal_12V_quiet_run09.wav,normal,12V,quiet,9,0,53.45329284667969
id_00,normal_12V_quiet_run10.wav,normal,12V,quiet,10,0,51.65327453613281
id_00,normal_4V_noise_run01.wav,normal,4V,noise,1,0,23.147253036499023
id_00,normal_4V_noise_run02.wav,normal,4V,noise,2,0,22.801868438720703
id_00,normal_4V_noise_run03.wav,normal,4V,noise,3,0,22.78273582458496
id_00,normal_4V_noise_run04.wav,normal,4V,noise,4,0,21.706459045410156
id_00,normal_4V_noise_run05.wav,normal,4V,noise,5,0,21.941299438476562
id_00,normal_4V_noise_run06.wav,normal,4V,noise,6,0,21.621376037597656
id_00,normal_4V_noise_run07.wav,normal,4V,noise,7,0,22.110645294189453
id_00,normal_4V_noise_run08.wav,normal,4V,noise,8,0,22.019289016723633
id_00,normal_4V_noise_run09.wav,normal,4V,noise,9,0,21.45582389831543
id_00,normal_4V_noise_run10.wav,normal,4V,noise,10,0,21.717090606689453
id_00,normal_4V_quiet_run01.wav,normal,4V,quiet,1,0,28.872283935546875
id_00,normal_4V_quiet_run02.wav,normal,4V,quiet,2,0,26.545541763305664
id_00,normal_4V_quiet_run03.wav,normal,4V,quiet,3,0,30.06354331970215
id_00,normal_4V_quiet_run04.wav,normal,4V,quiet,4,0,29.88477325439453
id_00,normal_4V_quiet_run05.wav,normal,4V,quiet,5,0,29.994970321655273
id_00,normal_4V_quiet_run06.wav,normal,4V,quiet,6,0,29.28890609741211
id_00,normal_4V_quiet_run07.wav,normal,4V,quiet,7,0,30.03154754638672
id_00,normal_4V_quiet_run08.wav,normal,4V,quiet,8,0,27.45165252685547
id_00,normal_4V_quiet_run09.wav,normal,4V,quiet,9,0,30.09638023376465
id_00,normal_4V_quiet_run10.wav,normal,4V,quiet,10,0,30.574119567871094
id_00,normal_8V_noise_run01.wav,normal,8V,noise,1,0,18.906396865844727
id_00,normal_8V_noise_run02.wav,normal,8V,noise,2,0,21.417741775512695
id_00,normal_8V_noise_run03.wav,normal,8V,noise,3,0,19.853553771972656
id_00,normal_8V_noise_run04.wav,normal,8V,noise,4,0,18.79140281677246
id_00,normal_8V_noise_run05.wav,normal,8V,noise,5,0,18.067607879638672
id_00,normal_8V_noise_run06.wav,normal,8V,noise,6,0,20.79939842224121
id_00,normal_8V_noise_run07.wav,normal,8V,noise,7,0,18.422658920288086
id_00,normal_8V_noise_run08.wav,normal,8V,noise,8,0,21.018449783325195
id_00,normal_8V_noise_run09.wav,normal,8V,noise,9,0,20.13595199584961
id_00,normal_8V_noise_run10.wav,normal,8V,noise,10,0,18.30296516418457
id_00,normal_8V_quiet_run01.wav,normal,8V,quiet,1,0,30.785093307495117
id_00,normal_8V_quiet_run02.wav,normal,8V,quiet,2,0,30.558095932006836
id_00,normal_8V_quiet_run03.wav,normal,8V,quiet,3,0,31.214900970458984
id_00,normal_8V_quiet_run04.wav,normal,8V,quiet,4,0,32.041263580322266
id_00,normal_8V_quiet_run05.wav,normal,8V,quiet,5,0,31.874513626098633
id_00,normal_8V_quiet_run06.wav,normal,8V,quiet,6,0,32.70270919799805
id_00,normal_8V_quiet_run07.wav,normal,8V,quiet,7,0,33.4960823059082
id_00,normal_8V_quiet_run08.wav,normal,8V,quiet,8,0,33.51858901977539
id_00,normal_8V_quiet_run09.wav,normal,8V,quiet,9,0,32.029197692871094
id_00,normal_8V_quiet_run10.wav,normal,8V,quiet,10,0,31.034000396728516
id_02,blocked_12V_noise_run01.wav,blocked,12V,noise,1,1,43.51938247680664
id_02,blocked_12V_noise_run02.wav,blocked,12V,noise,2,1,41.852500915527344
id_02,blocked_12V_noise_run03.wav,blocked,12V,noise,3,1,40.97330093383789
id_02,blocked_12V_noise_run04.wav,blocked,12V,noise,4,1,41.13494873046875
id_02,blocked_12V_noise_run05.wav,blocked,12V,noise,5,1,41.29736328125
id_02,blocked_12V_noise_run06.wav,blocked,12V,noise,6,1,41.20075607299805
id_02,blocked_12V_noise_run07.wav,blocked,12V,noise,7,1,40.198570251464844
id_02,blocked_12V_noise_run08.wav,blocked,12V,noise,8,1,41.725433349609375
id_02,blocked_12V_noise_run09.wav,blocked,12V,noise,9,1,39.38096237182617
id_02,blocked_12V_noise_run10.wav,blocked,12V,noise,10,1,41.2067985534668
id_02,blocked_12V_quiet_run01.wav,blocked,12V,quiet,1,1,51.19435501098633
id_02,blocked_12V_quiet_run02.wav,blocked,12V,quiet,2,1,52.73155212402344
id_02,blocked_12V_quiet_run03.wav,blocked,12V,quiet,3,1,52.18682098388672
id_02,blocked_12V_quiet_run04.wav,blocked,12V,quiet,4,1,52.49121856689453
id_02,blocked_12V_quiet_run05.wav,blocked,12V,quiet,5,1,51.83338928222656
id_02,blocked_12V_quiet_run06.wav,blocked,12V,quiet,6,1,53.07898712158203
id_02,blocked_12V_quiet_run07.wav,blocked,12V,quiet,7,1,52.349979400634766
id_02,blocked_12V_quiet_run08.wav,blocked,12V,quiet,8,1,51.85570526123047
id_02,blocked_12V_quiet_run09.wav,blocked,12V,quiet,9,1,53.04984664916992
id_02,blocked_12V_quiet_run10.wav,blocked,12V,quiet,10,1,53.56803894042969
id_02,blocked_4V_noise_run01.wav,blocked,4V,noise,1,1,29.54047393798828
id_02,blocked_4V_noise_run02.wav,blocked,4V,noise,2,1,29.12974739074707
id_02,blocked_4V_noise_run03.wav,blocked,4V,noise,3,1,31.691923141479492
id_02,blocked_4V_noise_run04.wav,blocked,4V,noise,4,1,30.808935165405273
id_02,blocked_4V_noise_run05.wav,blocked,4V,noise,5,1,30.734878540039062
id_02,blocked_4V_noise_run06.wav,blocked,4V,noise,6,1,29.31789207458496
id_02,blocked_4V_noise_run07.wav,blocked,4V,noise,7,1,31.20611572265625
id_02,blocked_4V_noise_run08.wav,blocked,4V,noise,8,1,31.35576629638672
id_02,blocked_4V_noise_run09.wav,blocked,4V,noise,9,1,29.12932777404785
id_02,blocked_4V_noise_run10.wav,blocked,4V,noise,10,1,29.15580940246582
id_02,blocked_4V_quiet_run01.wav,blocked,4V,quiet,1,1,34.56912612915039
id_02,blocked_4V_quiet_run02.wav,blocked,4V,quiet,2,1,35.30414962768555
id_02,blocked_4V_quiet_run03.wav,blocked,4V,quiet,3,1,38.295555114746094
id_02,blocked_4V_quiet_run04.wav,blocked,4V,quiet,4,1,38.540687561035156
id_02,blocked_4V_quiet_run05.wav,blocked,4V,quiet,5,1,36.855403900146484
id_02,blocked_4V_quiet_run06.wav,blocked,4V,quiet,6,1,34.510868072509766
id_02,blocked_4V_quiet_run07.wav,blocked,4V,quiet,7,1,36.42240905761719
id_02,blocked_4V_quiet_run08.wav,blocked,4V,quiet,8,1,35.10336685180664
id_02,blocked_4V_quiet_run09.wav,blocked,4V,quiet,9,1,35.594093322753906
id_02,blocked_4V_quiet_run10.wav,blocked,4V,quiet,10,1,35.059207916259766
id_02,blocked_8V_noise_run01.wav,blocked,8V,noise,1,1,36.43464660644531
id_02,blocked_8V_noise_run02.wav,blocked,8V,noise,2,1,36.37557601928711
id_02,blocked_8V_noise_run03.wav,blocked,8V,noise,3,1,36.08150100708008
id_02,blocked_8V_noise_run04.wav,blocked,8V,noise,4,1,36.703575134277344
id_02,blocked_8V_noise_run05.wav,blocked,8V,noise,5,1,35.735958099365234
id_02,blocked_8V_noise_run06.wav,blocked,8V,noise,6,1,35.98569869995117
id_02,blocked_8V_noise_run07.wav,blocked,8V,noise,7,1,36.63218688964844
id_02,blocked_8V_noise_run08.wav,blocked,8V,noise,8,1,35.779388427734375
id_02,blocked_8V_noise_run09.wav,blocked,8V,noise,9,1,35.428733825683594
id_02,blocked_8V_noise_run10.wav,blocked,8V,noise,10,1,35.53248977661133
id_02,blocked_8V_quiet_run01.wav,blocked,8V,quiet,1,1,42.79121780395508
id_02,blocked_8V_quiet_run02.wav,blocked,8V,quiet,2,1,43.54252624511719
id_02,blocked_8V_quiet_run03.wav,blocked,8V,quiet,3,1,43.017913818359375
id_02,blocked_8V_quiet_run04.wav,blocked,8V,quiet,4,1,43.772705078125
id_02,blocked_8V_quiet_run05.wav,blocked,8V,quiet,5,1,43.65625
id_02,blocked_8V_quiet_run06.wav,blocked,8V,quiet,6,1,44.05699157714844
id_02,blocked_8V_quiet_run07.wav,blocked,8V,quiet,7,1,44.369415283203125
id_02,blocked_8V_quiet_run08.wav,blocked,8V,quiet,8,1,44.30543899536133
id_02,blocked_8V_quiet_run09.wav,blocked,8V,quiet,9,1,44.15034103393555
id_02,blocked_8V_quiet_run10.wav,blocked,8V,quiet,10,1,44.04323196411133
id_02,imbalance_12V_noise_run01.wav,imbalance,12V,noise,1,1,51.34416580200195
id_02,imbalance_12V_noise_run02.wav,imbalance,12V,noise,2,1,50.99613952636719
id_02,imbalance_12V_noise_run03.wav,imbalance,12V,noise,3,1,49.505165100097656
id_02,imbalance_12V_noise_run04.wav,imbalance,12V,noise,4,1,49.82917404174805
id_02,imbalance_12V_noise_run05.wav,imbalance,12V,noise,5,1,47.613346099853516
id_02,imbalance_12V_noise_run06.wav,imbalance,12V,noise,6,1,46.35358428955078
id_02,imbalance_12V_noise_run07.wav,imbalance,12V,noise,7,1,47.63426971435547
id_02,imbalance_12V_noise_run08.wav,imbalance,12V,noise,8,1,49.2348747253418
id_02,imbalance_12V_noise_run09.wav,imbalance,12V,noise,9,1,46.99492645263672
id_02,imbalance_12V_noise_run10.wav,imbalance,12V,noise,10,1,50.09375
id_02,imbalance_12V_quiet_run01.wav,imbalance,12V,quiet,1,1,62.840843200683594
id_02,imbalance_12V_quiet_run02.wav,imbalance,12V,quiet,2,1,58.20326614379883
id_02,imbalance_12V_quiet_run03.wav,imbalance,12V,quiet,3,1,58.28601837158203
id_02,imbalance_12V_quiet_run04.wav,imbalance,12V,quiet,4,1,60.549530029296875
id_02,imbalance_12V_quiet_run05.wav,imbalance,12V,quiet,5,1,62.221534729003906
id_02,imbalance_12V_quiet_run06.wav,imbalance,12V,quiet,6,1,63.55499267578125
id_02,imbalance_12V_quiet_run07.wav,imbalance,12V,quiet,7,1,62.609718322753906
id_02,imbalance_12V_quiet_run08.wav,imbalance,12V,quiet,8,1,64.332275390625
id_02,imbalance_12V_quiet_run09.wav,imbalance,12V,quiet,9,1,52.62043762207031
id_02,imbalance_12V_quiet_run10.wav,imbalance,12V,quiet,10,1,49.88901138305664
id_02,imbalance_4V_noise_run01.wav,imbalance,4V,noise,1,1,23.454845428466797
id_02,imbalance_4V_noise_run02.wav,imbalance,4V,noise,2,1,23.574174880981445
id_02,imbalance_4V_noise_run03.wav,imbalance,4V,noise,3,1,23.38425636291504
id_02,imbalance_4V_noise_run04.wav,imbalance,4V,noise,4,1,23.050939559936523
id_02,imbalance_4V_noise_run05.wav,imbalance,4V,noise,5,1,22.47072410583496
id_02,imbalance_4V_noise_run06.wav,imbalance,4V,noise,6,1,23.12712287902832
id_02,imbalance_4V_noise_run07.wav,imbalance,4V,noise,7,1,22.367382049560547
id_02,imbalance_4V_noise_run08.wav,imbalance,4V,noise,8,1,22.351903915405273
id_02,imbalance_4V_noise_run09.wav,imbalance,4V,noise,9,1,22.87004280090332
id_02,imbalance_4V_noise_run10.wav,imbalance,4V,noise,10,1,22.36094093322754
id_02,imbalance_4V_quiet_run01.wav,imbalance,4V,quiet,1,1,46.03099822998047
id_02,imbalance_4V_quiet_run02.wav,imbalance,4V,quiet,2,1,39.953372955322266
id_02,imbalance_4V_quiet_run03.wav,imbalance,4V,quiet,3,1,39.71284103393555
id_02,imbalance_4V_quiet_run04.wav,imbalance,4V,quiet,4,1,40.77257537841797
id_02,imbalance_4V_quiet_run05.wav,imbalance,4V,quiet,5,1,42.45740509033203
id_02,imbalance_4V_quiet_run06.wav,imbalance,4V,quiet,6,1,43.71976852416992
id_02,imbalance_4V_quiet_run07.wav,imbalance,4V,quiet,7,1,45.837703704833984
id_02,imbalance_4V_quiet_run08.wav,imbalance,4V,quiet,8,1,49.620994567871094
id_02,imbalance_4V_quiet_run09.wav,imbalance,4V,quiet,9,1,37.74591827392578
id_02,imbalance_4V_quiet_run10.wav,imbalance,4V,quiet,10,1,40.76298904418945
id_02,imbalance_8V_noise_run01.wav,imbalance,8V,noise,1,1,36.81642532348633
id_02,imbalance_8V_noise_run02.wav,imbalance,8V,noise,2,1,35.52036666870117
id_02,imbalance_8V_noise_run03.wav,imbalance,8V,noise,3,1,42.657535552978516
id_02,imbalance_8V_noise_run04.wav,imbalance,8V,noise,4,1,34.22241973876953
id_02,imbalance_8V_noise_run05.wav,imbalance,8V,noise,5,1,35.19722366333008
id_02,imbalance_8V_noise_run06.wav,imbalance,8V,noise,6,1,35.22892761230469
id_02,imbalance_8V_noise_run07.wav,imbalance,8V,noise,7,1,35.23302459716797
id_02,imbalance_8V_noise_run08.wav,imbalance,8V,noise,8,1,34.7195930480957
id_02,imbalance_8V_noise_run09.wav,imbalance,8V,noise,9,1,35.140167236328125
id_02,imbalance_8V_noise_run10.wav,imbalance,8V,noise,10,1,34.299461364746094
id_02,imbalance_8V_quiet_run01.wav,imbalance,8V,quiet,1,1,52.11385726928711
id_02,imbalance_8V_quiet_run02.wav,imbalance,8V,quiet,2,1,51.89756393432617
id_02,imbalance_8V_quiet_run03.wav,imbalance,8V,quiet,3,1,51.29397201538086
id_02,imbalance_8V_quiet_run04.wav,imbalance,8V,quiet,4,1,53.16927719116211
id_02,imbalance_8V_quiet_run05.wav,imbalance,8V,quiet,5,1,52.95120620727539
id_02,imbalance_8V_quiet_run06.wav,imbalance,8V,quiet,6,1,50.66165542602539
id_02,imbalance_8V_quiet_run07.wav,imbalance,8V,quiet,7,1,52.03324890136719
id_02,imbalance_8V_quiet_run08.wav,imbalance,8V,quiet,8,1,55.768592834472656
id_02,imbalance_8V_quiet_run09.wav,imbalance,8V,quiet,9,1,57.68465042114258
id_02,imbalance_8V_quiet_run10.wav,imbalance,8V,quiet,10,1,59.29704666137695
id_02,normal_12V_noise_run01.wav,normal,12V,noise,1,0,31.95942497253418
id_02,normal_12V_noise_run02.wav,normal,12V,noise,2,0,31.414344787597656
id_02,normal_12V_noise_run03.wav,normal,12V,noise,3,0,32.61497497558594
id_02,normal_12V_noise_run04.wav,normal,12V,noise,4,0,31.55339241027832
id_02,normal_12V_noise_run05.wav,normal,12V,noise,5,0,30.45429229736328
id_02,normal_12V_noise_run06.wav,normal,12V,noise,6,0,32.485740661621094
id_02,normal_12V_noise_run07.wav,normal,12V,noise,7,0,31.057451248168945
id_02,normal_12V_noise_run08.wav,normal,12V,noise,8,0,30.810209274291992
id_02,normal_12V_noise_run09.wav,normal,12V,noise,9,0,31.27197265625
id_02,normal_12V_noise_run10.wav,normal,12V,noise,10,0,30.24267578125
id_02,normal_12V_quiet_run01.wav,normal,12V,quiet,1,0,46.984642028808594
id_02,normal_12V_quiet_run02.wav,normal,12V,quiet,2,0,46.95023727416992
id_02,normal_12V_quiet_run03.wav,normal,12V,quiet,3,0,47.34040832519531
id_02,normal_12V_quiet_run04.wav,normal,12V,quiet,4,0,47.270198822021484
id_02,normal_12V_quiet_run05.wav,normal,12V,quiet,5,0,46.29880905151367
id_02,normal_12V_quiet_run06.wav,normal,12V,quiet,6,0,45.8004150390625
id_02,normal_12V_quiet_run07.wav,normal,12V,quiet,7,0,48.849544525146484
id_02,normal_12V_quiet_run08.wav,normal,12V,quiet,8,0,49.092952728271484
id_02,normal_12V_quiet_run09.wav,normal,12V,quiet,9,0,48.9051628112793
id_02,normal_12V_quiet_run10.wav,normal,12V,quiet,10,0,47.335540771484375
id_02,normal_4V_noise_run01.wav,normal,4V,noise,1,0,30.031003952026367
id_02,normal_4V_noise_run02.wav,normal,4V,noise,2,0,30.784923553466797
id_02,normal_4V_noise_run03.wav,normal,4V,noise,3,0,29.671138763427734
id_02,normal_4V_noise_run04.wav,normal,4V,noise,4,0,28.865867614746094
id_02,normal_4V_noise_run05.wav,normal,4V,noise,5,0,29.353147506713867
id_02,normal_4V_noise_run06.wav,normal,4V,noise,6,0,29.273393630981445
id_02,normal_4V_noise_run07.wav,normal,4V,noise,7,0,29.791662216186523
id_02,normal_4V_noise_run08.wav,normal,4V,noise,8,0,29.052549362182617
id_02,normal_4V_noise_run09.wav,normal,4V,noise,9,0,29.811237335205078
id_02,normal_4V_noise_run10.wav,normal,4V,noise,10,0,29.638458251953125
id_02,normal_4V_quiet_run01.wav,normal,4V,quiet,1,0,36.13746643066406
id_02,normal_4V_quiet_run02.wav,normal,4V,quiet,2,0,34.67514419555664
id_02,normal_4V_quiet_run03.wav,normal,4V,quiet,3,0,37.87717819213867
id_02,normal_4V_quiet_run04.wav,normal,4V,quiet,4,0,38.67911911010742
id_02,normal_4V_quiet_run05.wav,normal,4V,quiet,5,0,38.15298843383789
id_02,normal_4V_quiet_run06.wav,normal,4V,quiet,6,0,36.892112731933594
id_02,normal_4V_quiet_run07.wav,normal,4V,quiet,7,0,38.846797943115234
id_02,normal_4V_quiet_run08.wav,normal,4V,quiet,8,0,35.83843994140625
id_02,normal_4V_quiet_run09.wav,normal,4V,quiet,9,0,38.88053512573242
id_02,normal_4V_quiet_run10.wav,normal,4V,quiet,10,0,39.37031555175781
id_02,normal_8V_noise_run01.wav,normal,8V,noise,1,0,26.80427360534668
id_02,normal_8V_noise_run02.wav,normal,8V,noise,2,0,28.475900650024414
id_02,normal_8V_noise_run03.wav,normal,8V,noise,3,0,27.089025497436523
id_02,normal_8V_noise_run04.wav,normal,8V,noise,4,0,26.196565628051758
id_02,normal_8V_noise_run05.wav,normal,8V,noise,5,0,25.791702270507812
id_02,normal_8V_noise_run06.wav,normal,8V,noise,6,0,26.61211585998535
id_02,normal_8V_noise_run07.wav,normal,8V,noise,7,0,25.010881423950195
id_02,normal_8V_noise_run08.wav,normal,8V,noise,8,0,28.15591049194336
id_02,normal_8V_noise_run09.wav,normal,8V,noise,9,0,27.18628692626953
id_02,normal_8V_noise_run10.wav,normal,8V,noise,10,0,25.627174377441406
id_02,normal_8V_quiet_run01.wav,normal,8V,quiet,1,0,36.11260223388672
id_02,normal_8V_quiet_run02.wav,normal,8V,quiet,2,0,35.78340148925781
id_02,normal_8V_quiet_run03.wav,normal,8V,quiet,3,0,36.7703971862793
id_02,normal_8V_quiet_run04.wav,normal,8V,quiet,4,0,37.48427963256836
id_02,normal_8V_quiet_run05.wav,normal,8V,quiet,5,0,37.654178619384766
id_02,normal_8V_quiet_run06.wav,normal,8V,quiet,6,0,38.8238525390625
id_02,normal_8V_quiet_run07.wav,normal,8V,quiet,7,0,39.963523864746094
id_02,normal_8V_quiet_run08.wav,normal,8V,quiet,8,0,39.427345275878906
id_02,normal_8V_quiet_run09.wav,normal,8V,quiet,9,0,37.77866744995117
id_02,normal_8V_quiet_run10.wav,normal,8V,quiet,10,0,35.93360900878906
id_04,blocked_12V_noise_run01.wav,blocked,12V,noise,1,1,48.94329833984375
id_04,blocked_12V_noise_run02.wav,blocked,12V,noise,2,1,46.2182731628418
id_04,blocked_12V_noise_run03.wav,blocked,12V,noise,3,1,45.19040298461914
id_04,blocked_12V_noise_run04.wav,blocked,12V,noise,4,1,45.30435562133789
id_04,blocked_12V_noise_run05.wav,blocked,12V,noise,5,1,45.502197265625
id_04,blocked_12V_noise_run06.wav,blocked,12V,noise,6,1,45.410709381103516
id_04,blocked_12V_noise_run07.wav,blocked,12V,noise,7,1,44.31938552856445
id_04,blocked_12V_noise_run08.wav,blocked,12V,noise,8,1,46.188724517822266
id_04,blocked_12V_noise_run09.wav,blocked,12V,noise,9,1,43.55283737182617
id_04,blocked_12V_noise_run10.wav,blocked,12V,noise,10,1,45.61042022705078
id_04,blocked_12V_quiet_run01.wav,blocked,12V,quiet,1,1,55.49932098388672
id_04,blocked_12V_quiet_run02.wav,blocked,12V,quiet,2,1,57.055049896240234
id_04,blocked_12V_quiet_run03.wav,blocked,12V,quiet,3,1,56.573097229003906
id_04,blocked_12V_quiet_run04.wav,blocked,12V,quiet,4,1,57.00226974487305
id_04,blocked_12V_quiet_run05.wav,blocked,12V,quiet,5,1,56.15790939331055
id_04,blocked_12V_quiet_run06.wav,blocked,12V,quiet,6,1,57.56956100463867
id_04,blocked_12V_quiet_run07.wav,blocked,12V,quiet,7,1,56.5948371887207
id_04,blocked_12V_quiet_run08.wav,blocked,12V,quiet,8,1,56.423316955566406
id_04,blocked_12V_quiet_run09.wav,blocked,12V,quiet,9,1,57.54240036010742
id_04,blocked_12V_quiet_run10.wav,blocked,12V,quiet,10,1,58.18111801147461
id_04,blocked_4V_noise_run01.wav,blocked,4V,noise,1,1,34.282352447509766
id_04,blocked_4V_noise_run02.wav,blocked,4V,noise,2,1,34.2334098815918
id_04,blocked_4V_noise_run03.wav,blocked,4V,noise,3,1,36.106632232666016
id_04,blocked_4V_noise_run04.wav,blocked,4V,noise,4,1,34.93220901489258
id_04,blocked_4V_noise_run05.wav,blocked,4V,noise,5,1,35.31332778930664
id_04,blocked_4V_noise_run06.wav,blocked,4V,noise,6,1,33.951316833496094
id_04,blocked_4V_noise_run07.wav,blocked,4V,noise,7,1,35.66509246826172
id_04,blocked_4V_noise_run08.wav,blocked,4V,noise,8,1,35.9690055847168
id_04,blocked_4V_noise_run09.wav,blocked,4V,noise,9,1,33.165313720703125
id_04,blocked_4V_noise_run10.wav,blocked,4V,noise,10,1,33.41128158569336
id_04,blocked_4V_quiet_run01.wav,blocked,4V,quiet,1,1,39.76161575317383
id_04,blocked_4V_quiet_run02.wav,blocked,4V,quiet,2,1,39.26580810546875
id_04,blocked_4V_quiet_run03.wav,blocked,4V,quiet,3,1,41.891483306884766
id_04,blocked_4V_quiet_run04.wav,blocked,4V,quiet,4,1,41.51764678955078
id_04,blocked_4V_quiet_run05.wav,blocked,4V,quiet,5,1,41.2220573425293
id_04,blocked_4V_quiet_run06.wav,blocked,4V,quiet,6,1,39.543766021728516
id_04,blocked_4V_quiet_run07.wav,blocked,4V,quiet,7,1,41.332950592041016
id_04,blocked_4V_quiet_run08.wav,blocked,4V,quiet,8,1,39.85038757324219
id_04,blocked_4V_quiet_run09.wav,blocked,4V,quiet,9,1,40.60192108154297
id_04,blocked_4V_quiet_run10.wav,blocked,4V,quiet,10,1,39.90703582763672
id_04,blocked_8V_noise_run01.wav,blocked,8V,noise,1,1,37.124759674072266
id_04,blocked_8V_noise_run02.wav,blocked,8V,noise,2,1,37.02098846435547
id_04,blocked_8V_noise_run03.wav,blocked,8V,noise,3,1,36.7439079284668
id_04,blocked_8V_noise_run04.wav,blocked,8V,noise,4,1,37.29377746582031
id_04,blocked_8V_noise_run05.wav,blocked,8V,noise,5,1,36.56104278564453
id_04,blocked_8V_noise_run06.wav,blocked,8V,noise,6,1,36.49595642089844
id_04,blocked_8V_noise_run07.wav,blocked,8V,noise,7,1,37.258636474609375
id_04,blocked_8V_noise_run08.wav,blocked,8V,noise,8,1,36.508174896240234
id_04,blocked_8V_noise_run09.wav,blocked,8V,noise,9,1,36.032779693603516
id_04,blocked_8V_noise_run10.wav,blocked,8V,noise,10,1,36.59450912475586
id_04,blocked_8V_quiet_run01.wav,blocked,8V,quiet,1,1,44.507442474365234
id_04,blocked_8V_quiet_run02.wav,blocked,8V,quiet,2,1,45.31666564941406
id_04,blocked_8V_quiet_run03.wav,blocked,8V,quiet,3,1,44.730159759521484
id_04,blocked_8V_quiet_run04.wav,blocked,8V,quiet,4,1,45.36274719238281
id_04,blocked_8V_quiet_run05.wav,blocked,8V,quiet,5,1,45.22101593017578
id_04,blocked_8V_quiet_run06.wav,blocked,8V,quiet,6,1,45.86541748046875
id_04,blocked_8V_quiet_run07.wav,blocked,8V,quiet,7,1,46.286746978759766
id_04,blocked_8V_quiet_run08.wav,blocked,8V,quiet,8,1,45.9736328125
id_04,blocked_8V_quiet_run09.wav,blocked,8V,quiet,9,1,46.005123138427734
id_04,blocked_8V_quiet_run10.wav,blocked,8V,quiet,10,1,45.63431930541992
id_04,imbalance_12V_noise_run01.wav,imbalance,12V,noise,1,1,60.53099822998047
id_04,imbalance_12V_noise_run02.wav,imbalance,12V,noise,2,1,60.48222732543945
id_04,imbalance_12V_noise_run03.wav,imbalance,12V,noise,3,1,58.59452438354492
id_04,imbalance_12V_noise_run04.wav,imbalance,12V,noise,4,1,58.36162185668945
id_04,imbalance_12V_noise_run05.wav,imbalance,12V,noise,5,1,56.19718551635742
id_04,imbalance_12V_noise_run06.wav,imbalance,12V,noise,6,1,55.514469146728516
id_04,imbalance_12V_noise_run07.wav,imbalance,12V,noise,7,1,57.01232147216797
id_04,imbalance_12V_noise_run08.wav,imbalance,12V,noise,8,1,58.48336410522461
id_04,imbalance_12V_noise_run09.wav,imbalance,12V,noise,9,1,54.585514068603516
id_04,imbalance_12V_noise_run10.wav,imbalance,12V,noise,10,1,59.3589973449707
id_04,imbalance_12V_quiet_run01.wav,imbalance,12V,quiet,1,1,66.47049713134766
id_04,imbalance_12V_quiet_run02.wav,imbalance,12V,quiet,2,1,66.98360443115234
id_04,imbalance_12V_quiet_run03.wav,imbalance,12V,quiet,3,1,67.8497314453125
id_04,imbalance_12V_quiet_run04.wav,imbalance,12V,quiet,4,1,70.03668212890625
id_04,imbalance_12V_quiet_run05.wav,imbalance,12V,quiet,5,1,72.55856323242188
id_04,imbalance_12V_quiet_run06.wav,imbalance,12V,quiet,6,1,73.8911361694336
id_04,imbalance_12V_quiet_run07.wav,imbalance,12V,quiet,7,1,73.22211456298828
id_04,imbalance_12V_quiet_run08.wav,imbalance,12V,quiet,8,1,74.11237335205078
id_04,imbalance_12V_quiet_run09.wav,imbalance,12V,quiet,9,1,62.88276290893555
id_04,imbalance_12V_quiet_run10.wav,imbalance,12V,quiet,10,1,60.17041015625
id_04,imbalance_4V_noise_run01.wav,imbalance,4V,noise,1,1,27.101259231567383
id_04,imbalance_4V_noise_run02.wav,imbalance,4V,noise,2,1,27.674081802368164
id_04,imbalance_4V_noise_run03.wav,imbalance,4V,noise,3,1,27.006969451904297
id_04,imbalance_4V_noise_run04.wav,imbalance,4V,noise,4,1,26.945541381835938
id_04,imbalance_4V_noise_run05.wav,imbalance,4V,noise,5,1,26.817209243774414
id_04,imbalance_4V_noise_run06.wav,imbalance,4V,noise,6,1,27.0496826171875
id_04,imbalance_4V_noise_run07.wav,imbalance,4V,noise,7,1,25.976146697998047
id_04,imbalance_4V_noise_run08.wav,imbalance,4V,noise,8,1,26.27791404724121
id_04,imbalance_4V_noise_run09.wav,imbalance,4V,noise,9,1,26.27083969116211
id_04,imbalance_4V_noise_run10.wav,imbalance,4V,noise,10,1,26.031089782714844
id_04,imbalance_4V_quiet_run01.wav,imbalance,4V,quiet,1,1,49.81928253173828
id_04,imbalance_4V_quiet_run02.wav,imbalance,4V,quiet,2,1,44.87788391113281
id_04,imbalance_4V_quiet_run03.wav,imbalance,4V,quiet,3,1,43.72616958618164
id_04,imbalance_4V_quiet_run04.wav,imbalance,4V,quiet,4,1,43.2136344909668
id_04,imbalance_4V_quiet_run05.wav,imbalance,4V,quiet,5,1,44.57206344604492
id_04,imbalance_4V_quiet_run06.wav,imbalance,4V,quiet,6,1,46.14874267578125
id_04,imbalance_4V_quiet_run07.wav,imbalance,4V,quiet,7,1,50.07310104370117
id_04,imbalance_4V_quiet_run08.wav,imbalance,4V,quiet,8,1,53.410057067871094
id_04,imbalance_4V_quiet_run09.wav,imbalance,4V,quiet,9,1,41.86478042602539
id_04,imbalance_4V_quiet_run10.wav,imbalance,4V,quiet,10,1,42.168392181396484
id_04,imbalance_8V_noise_run01.wav,imbalance,8V,noise,1,1,40.99264144897461
id_04,imbalance_8V_noise_run02.wav,imbalance,8V,noise,2,1,39.90009307861328
id_04,imbalance_8V_noise_run03.wav,imbalance,8V,noise,3,1,45.456687927246094
id_04,imbalance_8V_noise_run04.wav,imbalance,8V,noise,4,1,37.30323791503906
id_04,imbalance_8V_noise_run05.wav,imbalance,8V,noise,5,1,38.43480682373047
id_04,imbalance_8V_noise_run06.wav,imbalance,8V,noise,6,1,38.64606475830078
id_04,imbalance_8V_noise_run07.wav,imbalance,8V,noise,7,1,38.507347106933594
id_04,imbalance_8V_noise_run08.wav,imbalance,8V,noise,8,1,38.178653717041016
id_04,imbalance_8V_noise_run09.wav,imbalance,8V,noise,9,1,38.27349853515625
id_04,imbalance_8V_noise_run10.wav,imbalance,8V,noise,10,1,37.704307556152344
id_04,imbalance_8V_quiet_run01.wav,imbalance,8V,quiet,1,1,55.211143493652344
id_04,imbalance_8V_quiet_run02.wav,imbalance,8V,quiet,2,1,57.170955657958984
id_04,imbalance_8V_quiet_run03.wav,imbalance,8V,quiet,3,1,53.86613464355469
id_04,imbalance_8V_quiet_run04.wav,imbalance,8V,quiet,4,1,54.247676849365234
id_04,imbalance_8V_quiet_run05.wav,imbalance,8V,quiet,5,1,54.33530044555664
id_04,imbalance_8V_quiet_run06.wav,imbalance,8V,quiet,6,1,51.786258697509766
id_04,imbalance_8V_quiet_run07.wav,imbalance,8V,quiet,7,1,54.959320068359375
id_04,imbalance_8V_quiet_run08.wav,imbalance,8V,quiet,8,1,60.7127799987793
id_04,imbalance_8V_quiet_run09.wav,imbalance,8V,quiet,9,1,61.72053909301758
id_04,imbalance_8V_quiet_run10.wav,imbalance,8V,quiet,10,1,63.1290168762207
id_04,normal_12V_noise_run01.wav,normal,12V,noise,1,0,37.04060363769531
id_04,normal_12V_noise_run02.wav,normal,12V,noise,2,0,36.86311340332031
id_04,normal_12V_noise_run03.wav,normal,12V,noise,3,0,37.84143829345703
id_04,normal_12V_noise_run04.wav,normal,12V,noise,4,0,36.5258903503418
id_04,normal_12V_noise_run05.wav,normal,12V,noise,5,0,34.781951904296875
id_04,normal_12V_noise_run06.wav,normal,12V,noise,6,0,37.17131423950195
id_04,normal_12V_noise_run07.wav,normal,12V,noise,7,0,35.53852081298828
id_04,normal_12V_noise_run08.wav,normal,12V,noise,8,0,35.19734191894531
id_04,normal_12V_noise_run09.wav,normal,12V,noise,9,0,35.75159454345703
id_04,normal_12V_noise_run10.wav,normal,12V,noise,10,0,34.90808868408203
id_04,normal_12V_quiet_run01.wav,normal,12V,quiet,1,0,53.139305114746094
id_04,normal_12V_quiet_run02.wav,normal,12V,quiet,2,0,52.99436569213867
id_04,normal_12V_quiet_run03.wav,normal,12V,quiet,3,0,53.46480941772461
id_04,normal_12V_quiet_run04.wav,normal,12V,quiet,4,0,53.447235107421875
id_04,normal_12V_quiet_run05.wav,normal,12V,quiet,5,0,52.499507904052734
id_04,normal_12V_quiet_run06.wav,normal,12V,quiet,6,0,51.846622467041016
id_04,normal_12V_quiet_run07.wav,normal,12V,quiet,7,0,55.128814697265625
id_04,normal_12V_quiet_run08.wav,normal,12V,quiet,8,0,55.37358093261719
id_04,normal_12V_quiet_run09.wav,normal,12V,quiet,9,0,55.28451919555664
id_04,normal_12V_quiet_run10.wav,normal,12V,quiet,10,0,53.669437408447266
id_04,normal_4V_noise_run01.wav,normal,4V,noise,1,0,32.42395782470703
id_04,normal_4V_noise_run02.wav,normal,4V,noise,2,0,32.83291244506836
id_04,normal_4V_noise_run03.wav,normal,4V,noise,3,0,31.78887939453125
id_04,normal_4V_noise_run04.wav,normal,4V,noise,4,0,31.03080940246582
id_04,normal_4V_noise_run05.wav,normal,4V,noise,5,0,31.481809616088867
id_04,normal_4V_noise_run06.wav,normal,4V,noise,6,0,31.47825050354004
id_04,normal_4V_noise_run07.wav,normal,4V,noise,7,0,31.93610382080078
id_04,normal_4V_noise_run08.wav,normal,4V,noise,8,0,31.45035171508789
id_04,normal_4V_noise_run09.wav,normal,4V,noise,9,0,31.5660343170166
id_04,normal_4V_noise_run10.wav,normal,4V,noise,10,0,31.7750244140625
id_04,normal_4V_quiet_run01.wav,normal,4V,quiet,1,0,40.5178337097168
id_04,normal_4V_quiet_run02.wav,normal,4V,quiet,2,0,38.8017578125
id_04,normal_4V_quiet_run03.wav,normal,4V,quiet,3,0,42.57167434692383
id_04,normal_4V_quiet_run04.wav,normal,4V,quiet,4,0,41.97447204589844
id_04,normal_4V_quiet_run05.wav,normal,4V,quiet,5,0,42.95352554321289
id_04,normal_4V_quiet_run06.wav,normal,4V,quiet,6,0,41.32052230834961
id_04,normal_4V_quiet_run07.wav,normal,4V,quiet,7,0,42.29179382324219
id_04,normal_4V_quiet_run08.wav,normal,4V,quiet,8,0,39.480194091796875
id_04,normal_4V_quiet_run09.wav,normal,4V,quiet,9,0,42.511043548583984
id_04,normal_4V_quiet_run10.wav,normal,4V,quiet,10,0,44.158966064453125
id_04,normal_8V_noise_run01.wav,normal,8V,noise,1,0,23.649614334106445
id_04,normal_8V_noise_run02.wav,normal,8V,noise,2,0,25.16119384765625
id_04,normal_8V_noise_run03.wav,normal,8V,noise,3,0,23.807769775390625
id_04,normal_8V_noise_run04.wav,normal,8V,noise,4,0,23.37268829345703
id_04,normal_8V_noise_run05.wav,normal,8V,noise,5,0,23.03475570678711
id_04,normal_8V_noise_run06.wav,normal,8V,noise,6,0,23.69700813293457
id_04,normal_8V_noise_run07.wav,normal,8V,noise,7,0,21.848011016845703
id_04,normal_8V_noise_run08.wav,normal,8V,noise,8,0,24.323169708251953
id_04,normal_8V_noise_run09.wav,normal,8V,noise,9,0,23.283153533935547
id_04,normal_8V_noise_run10.wav,normal,8V,noise,10,0,22.755752563476562
id_04,normal_8V_quiet_run01.wav,normal,8V,quiet,1,0,33.665245056152344
id_04,normal_8V_quiet_run02.wav,normal,8V,quiet,2,0,33.28535461425781
id_04,normal_8V_quiet_run03.wav,normal,8V,quiet,3,0,33.797794342041016
id_04,normal_8V_quiet_run04.wav,normal,8V,quiet,4,0,34.74375534057617
id_04,normal_8V_quiet_run05.wav,normal,8V,quiet,5,0,34.60526657104492
id_04,normal_8V_quiet_run06.wav,normal,8V,quiet,6,0,34.897605895996094
id_04,normal_8V_quiet_run07.wav,normal,8V,quiet,7,0,35.34001541137695
id_04,normal_8V_quiet_run08.wav,normal,8V,quiet,8,0,35.42793273925781
id_04,normal_8V_quiet_run09.wav,normal,8V,quiet,9,0,34.52157211303711
id_04,normal_8V_quiet_run10.wav,normal,8V,quiet,10,0,33.96589279174805
id_06,blocked_12V_noise_run01.wav,blocked,12V,noise,1,1,46.264320373535156
id_06,blocked_12V_noise_run02.wav,blocked,12V,noise,2,1,44.0687370300293
id_06,blocked_12V_noise_run03.wav,blocked,12V,noise,3,1,41.65987014770508
id_06,blocked_12V_noise_run04.wav,blocked,12V,noise,4,1,42.131595611572266
id_06,blocked_12V_noise_run05.wav,blocked,12V,noise,5,1,41.760494232177734
id_06,blocked_12V_noise_run06.wav,blocked,12V,noise,6,1,42.11293029785156
id_06,blocked_12V_noise_run07.wav,blocked,12V,noise,7,1,40.333744049072266
id_06,blocked_12V_noise_run08.wav,blocked,12V,noise,8,1,43.336387634277344
id_06,blocked_12V_noise_run09.wav,blocked,12V,noise,9,1,41.13893508911133
id_06,blocked_12V_noise_run10.wav,blocked,12V,noise,10,1,43.463932037353516
id_06,blocked_12V_quiet_run01.wav,blocked,12V,quiet,1,1,52.71063995361328
id_06,blocked_12V_quiet_run02.wav,blocked,12V,quiet,2,1,54.844547271728516
id_06,blocked_12V_quiet_run03.wav,blocked,12V,quiet,3,1,53.62520980834961
id_06,blocked_12V_quiet_run04.wav,blocked,12V,quiet,4,1,53.75103759765625
id_06,blocked_12V_quiet_run05.wav,blocked,12V,quiet,5,1,53.04048538208008
id_06,blocked_12V_quiet_run06.wav,blocked,12V,quiet,6,1,53.93049240112305
id_06,blocked_12V_quiet_run07.wav,blocked,12V,quiet,7,1,53.52576446533203
id_06,blocked_12V_quiet_run08.wav,blocked,12V,quiet,8,1,53.00775146484375
id_06,blocked_12V_quiet_run09.wav,blocked,12V,quiet,9,1,54.0563850402832
id_06,blocked_12V_quiet_run10.wav,blocked,12V,quiet,10,1,54.773136138916016
id_06,blocked_4V_noise_run01.wav,blocked,4V,noise,1,1,41.03072738647461
id_06,blocked_4V_noise_run02.wav,blocked,4V,noise,2,1,41.71046447753906
id_06,blocked_4V_noise_run03.wav,blocked,4V,noise,3,1,43.5580940246582
id_06,blocked_4V_noise_run04.wav,blocked,4V,noise,4,1,41.57163619995117
id_06,blocked_4V_noise_run05.wav,blocked,4V,noise,5,1,42.29513168334961
id_06,blocked_4V_noise_run06.wav,blocked,4V,noise,6,1,40.182525634765625
id_06,blocked_4V_noise_run07.wav,blocked,4V,noise,7,1,42.117156982421875
id_06,blocked_4V_noise_run08.wav,blocked,4V,noise,8,1,40.998565673828125
id_06,blocked_4V_noise_run09.wav,blocked,4V,noise,9,1,41.173988342285156
id_06,blocked_4V_noise_run10.wav,blocked,4V,noise,10,1,41.53765869140625
id_06,blocked_4V_quiet_run01.wav,blocked,4V,quiet,1,1,48.96726608276367
id_06,blocked_4V_quiet_run02.wav,blocked,4V,quiet,2,1,48.49098205566406
id_06,blocked_4V_quiet_run03.wav,blocked,4V,quiet,3,1,51.91035461425781
id_06,blocked_4V_quiet_run04.wav,blocked,4V,quiet,4,1,51.48707962036133
id_06,blocked_4V_quiet_run05.wav,blocked,4V,quiet,5,1,51.326515197753906
id_06,blocked_4V_quiet_run06.wav,blocked,4V,quiet,6,1,48.593788146972656
id_06,blocked_4V_quiet_run07.wav,blocked,4V,quiet,7,1,49.847084045410156
id_06,blocked_4V_quiet_run08.wav,blocked,4V,quiet,8,1,48.35316848754883
id_06,blocked_4V_quiet_run09.wav,blocked,4V,quiet,9,1,49.61434555053711
id_06,blocked_4V_quiet_run10.wav,blocked,4V,quiet,10,1,48.466773986816406
id_06,blocked_8V_noise_run01.wav,blocked,8V,noise,1,1,45.732383728027344
id_06,blocked_8V_noise_run02.wav,blocked,8V,noise,2,1,45.51248550415039
id_06,blocked_8V_noise_run03.wav,blocked,8V,noise,3,1,45.7979621887207
id_06,blocked_8V_noise_run04.wav,blocked,8V,noise,4,1,46.329490661621094
id_06,blocked_8V_noise_run05.wav,blocked,8V,noise,5,1,45.34554672241211
id_06,blocked_8V_noise_run06.wav,blocked,8V,noise,6,1,46.049259185791016
id_06,blocked_8V_noise_run07.wav,blocked,8V,noise,7,1,46.49329376220703
id_06,blocked_8V_noise_run08.wav,blocked,8V,noise,8,1,45.522029876708984
id_06,blocked_8V_noise_run09.wav,blocked,8V,noise,9,1,45.06889724731445
id_06,blocked_8V_noise_run10.wav,blocked,8V,noise,10,1,45.40304183959961
id_06,blocked_8V_quiet_run01.wav,blocked,8V,quiet,1,1,49.59064865112305
id_06,blocked_8V_quiet_run02.wav,blocked,8V,quiet,2,1,49.681339263916016
id_06,blocked_8V_quiet_run03.wav,blocked,8V,quiet,3,1,50.12807846069336
id_06,blocked_8V_quiet_run04.wav,blocked,8V,quiet,4,1,50.630855560302734
id_06,blocked_8V_quiet_run05.wav,blocked,8V,quiet,5,1,50.346290588378906
id_06,blocked_8V_quiet_run06.wav,blocked,8V,quiet,6,1,50.62859344482422
id_06,blocked_8V_quiet_run07.wav,blocked,8V,quiet,7,1,51.07188034057617
id_06,blocked_8V_quiet_run08.wav,blocked,8V,quiet,8,1,50.71855545043945
id_06,blocked_8V_quiet_run09.wav,blocked,8V,quiet,9,1,50.70143127441406
id_06,blocked_8V_quiet_run10.wav,blocked,8V,quiet,10,1,50.79661178588867
id_06,imbalance_12V_noise_run01.wav,imbalance,12V,noise,1,1,51.55546569824219
id_06,imbalance_12V_noise_run02.wav,imbalance,12V,noise,2,1,50.57447814941406
id_06,imbalance_12V_noise_run03.wav,imbalance,12V,noise,3,1,48.287742614746094
id_06,imbalance_12V_noise_run04.wav,imbalance,12V,noise,4,1,47.95807647705078
id_06,imbalance_12V_noise_run05.wav,imbalance,12V,noise,5,1,47.02960205078125
id_06,imbalance_12V_noise_run06.wav,imbalance,12V,noise,6,1,47.642757415771484
id_06,imbalance_12V_noise_run07.wav,imbalance,12V,noise,7,1,48.42179489135742
id_06,imbalance_12V_noise_run08.wav,imbalance,12V,noise,8,1,49.46760940551758
id_06,imbalance_12V_noise_run09.wav,imbalance,12V,noise,9,1,45.515106201171875
id_06,imbalance_12V_noise_run10.wav,imbalance,12V,noise,10,1,49.41103744506836
id_06,imbalance_12V_quiet_run01.wav,imbalance,12V,quiet,1,1,65.46830749511719
id_06,imbalance_12V_quiet_run02.wav,imbalance,12V,quiet,2,1,60.46145248413086
id_06,imbalance_12V_quiet_run03.wav,imbalance,12V,quiet,3,1,59.53746032714844
id_06,imbalance_12V_quiet_run04.wav,imbalance,12V,quiet,4,1,60.56114959716797
id_06,imbalance_12V_quiet_run05.wav,imbalance,12V,quiet,5,1,62.59730529785156
id_06,imbalance_12V_quiet_run06.wav,imbalance,12V,quiet,6,1,61.215118408203125
id_06,imbalance_12V_quiet_run07.wav,imbalance,12V,quiet,7,1,60.982872009277344
id_06,imbalance_12V_quiet_run08.wav,imbalance,12V,quiet,8,1,64.78124237060547
id_06,imbalance_12V_quiet_run09.wav,imbalance,12V,quiet,9,1,54.710845947265625
id_06,imbalance_12V_quiet_run10.wav,imbalance,12V,quiet,10,1,51.351139068603516
id_06,imbalance_4V_noise_run01.wav,imbalance,4V,noise,1,1,35.5114860534668
id_06,imbalance_4V_noise_run02.wav,imbalance,4V,noise,2,1,35.26328659057617
id_06,imbalance_4V_noise_run03.wav,imbalance,4V,noise,3,1,34.666786193847656
id_06,imbalance_4V_noise_run04.wav,imbalance,4V,noise,4,1,34.60470962524414
id_06,imbalance_4V_noise_run05.wav,imbalance,4V,noise,5,1,32.0935173034668
id_06,imbalance_4V_noise_run06.wav,imbalance,4V,noise,6,1,33.173126220703125
id_06,imbalance_4V_noise_run07.wav,imbalance,4V,noise,7,1,32.11994552612305
id_06,imbalance_4V_noise_run08.wav,imbalance,4V,noise,8,1,33.207523345947266
id_06,imbalance_4V_noise_run09.wav,imbalance,4V,noise,9,1,32.754695892333984
id_06,imbalance_4V_noise_run10.wav,imbalance,4V,noise,10,1,32.851016998291016
id_06,imbalance_4V_quiet_run01.wav,imbalance,4V,quiet,1,1,56.248878479003906
id_06,imbalance_4V_quiet_run02.wav,imbalance,4V,quiet,2,1,51.62275695800781
id_06,imbalance_4V_quiet_run03.wav,imbalance,4V,quiet,3,1,52.09078598022461
id_06,imbalance_4V_quiet_run04.wav,imbalance,4V,quiet,4,1,52.20454406738281
id_06,imbalance_4V_quiet_run05.wav,imbalance,4V,quiet,5,1,53.96049499511719
id_06,imbalance_4V_quiet_run06.wav,imbalance,4V,quiet,6,1,55.149288177490234
id_06,imbalance_4V_quiet_run07.wav,imbalance,4V,quiet,7,1,57.20462417602539
id_06,imbalance_4V_quiet_run08.wav,imbalance,4V,quiet,8,1,59.193721771240234
id_06,imbalance_4V_quiet_run09.wav,imbalance,4V,quiet,9,1,50.55439376831055
id_06,imbalance_4V_quiet_run10.wav,imbalance,4V,quiet,10,1,53.12140655517578
id_06,imbalance_8V_noise_run01.wav,imbalance,8V,noise,1,1,46.675132751464844
id_06,imbalance_8V_noise_run02.wav,imbalance,8V,noise,2,1,46.3033561706543
id_06,imbalance_8V_noise_run03.wav,imbalance,8V,noise,3,1,49.444725036621094
id_06,imbalance_8V_noise_run04.wav,imbalance,8V,noise,4,1,41.330631256103516
id_06,imbalance_8V_noise_run05.wav,imbalance,8V,noise,5,1,43.47053527832031
id_06,imbalance_8V_noise_run06.wav,imbalance,8V,noise,6,1,43.33088684082031
id_06,imbalance_8V_noise_run07.wav,imbalance,8V,noise,7,1,43.563133239746094
id_06,imbalance_8V_noise_run08.wav,imbalance,8V,noise,8,1,42.977176666259766
id_06,imbalance_8V_noise_run09.wav,imbalance,8V,noise,9,1,45.55149841308594
id_06,imbalance_8V_noise_run10.wav,imbalance,8V,noise,10,1,44.09760284423828
id_06,imbalance_8V_quiet_run01.wav,imbalance,8V,quiet,1,1,60.009857177734375
id_06,imbalance_8V_quiet_run02.wav,imbalance,8V,quiet,2,1,59.32682418823242
id_06,imbalance_8V_quiet_run03.wav,imbalance,8V,quiet,3,1,59.86198043823242
id_06,imbalance_8V_quiet_run04.wav,imbalance,8V,quiet,4,1,63.25244140625
id_06,imbalance_8V_quiet_run05.wav,imbalance,8V,quiet,5,1,63.832366943359375
id_06,imbalance_8V_quiet_run06.wav,imbalance,8V,quiet,6,1,61.41185760498047
id_06,imbalance_8V_quiet_run07.wav,imbalance,8V,quiet,7,1,59.41530227661133
id_06,imbalance_8V_quiet_run08.wav,imbalance,8V,quiet,8,1,63.13918685913086
id_06,imbalance_8V_quiet_run09.wav,imbalance,8V,quiet,9,1,62.43803405761719
id_06,imbalance_8V_quiet_run10.wav,imbalance,8V,quiet,10,1,62.876747131347656
id_06,normal_12V_noise_run01.wav,normal,12V,noise,1,0,35.52752685546875
id_06,normal_12V_noise_run02.wav,normal,12V,noise,2,0,32.339664459228516
id_06,normal_12V_noise_run03.wav,normal,12V,noise,3,0,32.884117126464844
id_06,normal_12V_noise_run04.wav,normal,12V,noise,4,0,31.950332641601562
id_06,normal_12V_noise_run05.wav,normal,12V,noise,5,0,31.140233993530273
id_06,normal_12V_noise_run06.wav,normal,12V,noise,6,0,32.00667953491211
id_06,normal_12V_noise_run07.wav,normal,12V,noise,7,0,30.79205894470215
id_06,normal_12V_noise_run08.wav,normal,12V,noise,8,0,30.52801513671875
id_06,normal_12V_noise_run09.wav,normal,12V,noise,9,0,31.427248001098633
id_06,normal_12V_noise_run10.wav,normal,12V,noise,10,0,30.794315338134766
id_06,normal_12V_quiet_run01.wav,normal,12V,quiet,1,0,53.40713119506836
id_06,normal_12V_quiet_run02.wav,normal,12V,quiet,2,0,53.33580017089844
id_06,normal_12V_quiet_run03.wav,normal,12V,quiet,3,0,53.565162658691406
id_06,normal_12V_quiet_run04.wav,normal,12V,quiet,4,0,54.37257385253906
id_06,normal_12V_quiet_run05.wav,normal,12V,quiet,5,0,52.891902923583984
id_06,normal_12V_quiet_run06.wav,normal,12V,quiet,6,0,52.95314407348633
id_06,normal_12V_quiet_run07.wav,normal,12V,quiet,7,0,55.968257904052734
id_06,normal_12V_quiet_run08.wav,normal,12V,quiet,8,0,55.866493225097656
id_06,normal_12V_quiet_run09.wav,normal,12V,quiet,9,0,55.233726501464844
id_06,normal_12V_quiet_run10.wav,normal,12V,quiet,10,0,54.115013122558594
id_06,normal_4V_noise_run01.wav,normal,4V,noise,1,0,43.323455810546875
id_06,normal_4V_noise_run02.wav,normal,4V,noise,2,0,43.76874923706055
id_06,normal_4V_noise_run03.wav,normal,4V,noise,3,0,43.59242248535156
id_06,normal_4V_noise_run04.wav,normal,4V,noise,4,0,42.719085693359375
id_06,normal_4V_noise_run05.wav,normal,4V,noise,5,0,42.64705276489258
id_06,normal_4V_noise_run06.wav,normal,4V,noise,6,0,43.053192138671875
id_06,normal_4V_noise_run07.wav,normal,4V,noise,7,0,41.72853469848633
id_06,normal_4V_noise_run08.wav,normal,4V,noise,8,0,42.61298370361328
id_06,normal_4V_noise_run09.wav,normal,4V,noise,9,0,41.77879333496094
id_06,normal_4V_noise_run10.wav,normal,4V,noise,10,0,41.77353286743164
id_06,normal_4V_quiet_run01.wav,normal,4V,quiet,1,0,50.20711898803711
id_06,normal_4V_quiet_run02.wav,normal,4V,quiet,2,0,49.229801177978516
id_06,normal_4V_quiet_run03.wav,normal,4V,quiet,3,0,51.72602462768555
id_06,normal_4V_quiet_run04.wav,normal,4V,quiet,4,0,53.29582214355469
id_06,normal_4V_quiet_run05.wav,normal,4V,quiet,5,0,50.959754943847656
id_06,normal_4V_quiet_run06.wav,normal,4V,quiet,6,0,51.78461456298828
id_06,normal_4V_quiet_run07.wav,normal,4V,quiet,7,0,52.57553482055664
id_06,normal_4V_quiet_run08.wav,normal,4V,quiet,8,0,50.254066467285156
id_06,normal_4V_quiet_run09.wav,normal,4V,quiet,9,0,52.37815856933594
id_06,normal_4V_quiet_run10.wav,normal,4V,quiet,10,0,53.487857818603516
id_06,normal_8V_noise_run01.wav,normal,8V,noise,1,0,40.11606979370117
id_06,normal_8V_noise_run02.wav,normal,8V,noise,2,0,41.341819763183594
id_06,normal_8V_noise_run03.wav,normal,8V,noise,3,0,40.681732177734375
id_06,normal_8V_noise_run04.wav,normal,8V,noise,4,0,38.44511795043945
id_06,normal_8V_noise_run05.wav,normal,8V,noise,5,0,39.62605667114258
id_06,normal_8V_noise_run06.wav,normal,8V,noise,6,0,37.77089309692383
id_06,normal_8V_noise_run07.wav,normal,8V,noise,7,0,37.2237434387207
id_06,normal_8V_noise_run08.wav,normal,8V,noise,8,0,40.16639709472656
id_06,normal_8V_noise_run09.wav,normal,8V,noise,9,0,37.530643463134766
id_06,normal_8V_noise_run10.wav,normal,8V,noise,10,0,36.47951889038086
id_06,normal_8V_quiet_run01.wav,normal,8V,quiet,1,0,43.54434585571289
id_06,normal_8V_quiet_run02.wav,normal,8V,quiet,2,0,44.39406967163086
id_06,normal_8V_quiet_run03.wav,normal,8V,quiet,3,0,44.980491638183594
id_06,normal_8V_quiet_run04.wav,normal,8V,quiet,4,0,45.60123062133789
id_06,normal_8V_quiet_run05.wav,normal,8V,quiet,5,0,46.04326248168945
id_06,normal_8V_quiet_run06.wav,normal,8V,quiet,6,0,47.38404846191406
id_06,normal_8V_quiet_run07.wav,normal,8V,quiet,7,0,48.427772521972656
id_06,normal_8V_quiet_run08.wav,normal,8V,quiet,8,0,48.02259826660156
id_06,normal_8V_quiet_run09.wav,normal,8V,quiet,9,0,45.94245147705078
id_06,normal_8V_quiet_run10.wav,normal,8V,quiet,10,0,43.412662506103516
merged,blocked_12V_noise_run01.wav,blocked,12V,noise,1,1,44.51919174194336
merged,blocked_12V_noise_run02.wav,blocked,12V,noise,2,1,42.88841247558594
merged,blocked_12V_noise_run03.wav,blocked,12V,noise,3,1,41.876251220703125
merged,blocked_12V_noise_run04.wav,blocked,12V,noise,4,1,42.015625
merged,blocked_12V_noise_run05.wav,blocked,12V,noise,5,1,42.1724739074707
merged,blocked_12V_noise_run06.wav,blocked,12V,noise,6,1,41.857826232910156
merged,blocked_12V_noise_run07.wav,blocked,12V,noise,7,1,40.759830474853516
merged,blocked_12V_noise_run08.wav,blocked,12V,noise,8,1,43.032108306884766
merged,blocked_12V_noise_run09.wav,blocked,12V,noise,9,1,40.34186935424805
merged,blocked_12V_noise_run10.wav,blocked,12V,noise,10,1,42.24314880371094
merged,blocked_12V_quiet_run01.wav,blocked,12V,quiet,1,1,51.984649658203125
merged,blocked_12V_quiet_run02.wav,blocked,12V,quiet,2,1,53.6099853515625
merged,blocked_12V_quiet_run03.wav,blocked,12V,quiet,3,1,53.52625274658203
merged,blocked_12V_quiet_run04.wav,blocked,12V,quiet,4,1,53.615047454833984
merged,blocked_12V_quiet_run05.wav,blocked,12V,quiet,5,1,53.07090759277344
merged,blocked_12V_quiet_run06.wav,blocked,12V,quiet,6,1,54.652042388916016
merged,blocked_12V_quiet_run07.wav,blocked,12V,quiet,7,1,53.747371673583984
merged,blocked_12V_quiet_run08.wav,blocked,12V,quiet,8,1,53.461177825927734
merged,blocked_12V_quiet_run09.wav,blocked,12V,quiet,9,1,54.62395095825195
merged,blocked_12V_quiet_run10.wav,blocked,12V,quiet,10,1,55.02151870727539
merged,blocked_4V_noise_run01.wav,blocked,4V,noise,1,1,22.37108039855957
merged,blocked_4V_noise_run02.wav,blocked,4V,noise,2,1,22.076690673828125
merged,blocked_4V_noise_run03.wav,blocked,4V,noise,3,1,23.829055786132812
merged,blocked_4V_noise_run04.wav,blocked,4V,noise,4,1,22.833524703979492
merged,blocked_4V_noise_run05.wav,blocked,4V,noise,5,1,22.784805297851562
merged,blocked_4V_noise_run06.wav,blocked,4V,noise,6,1,21.166677474975586
merged,blocked_4V_noise_run07.wav,blocked,4V,noise,7,1,23.085668563842773
merged,blocked_4V_noise_run08.wav,blocked,4V,noise,8,1,23.278108596801758
merged,blocked_4V_noise_run09.wav,blocked,4V,noise,9,1,21.23882484436035
merged,blocked_4V_noise_run10.wav,blocked,4V,noise,10,1,21.059953689575195
merged,blocked_4V_quiet_run01.wav,blocked,4V,quiet,1,1,29.18366813659668
merged,blocked_4V_quiet_run02.wav,blocked,4V,quiet,2,1,28.56456184387207
merged,blocked_4V_quiet_run03.wav,blocked,4V,quiet,3,1,30.601430892944336
merged,blocked_4V_quiet_run04.wav,blocked,4V,quiet,4,1,30.614269256591797
merged,blocked_4V_quiet_run05.wav,blocked,4V,quiet,5,1,30.288963317871094
merged,blocked_4V_quiet_run06.wav,blocked,4V,quiet,6,1,28.455888748168945
merged,blocked_4V_quiet_run07.wav,blocked,4V,quiet,7,1,30.424057006835938
merged,blocked_4V_quiet_run08.wav,blocked,4V,quiet,8,1,29.013973236083984
merged,blocked_4V_quiet_run09.wav,blocked,4V,quiet,9,1,30.13479232788086
merged,blocked_4V_quiet_run10.wav,blocked,4V,quiet,10,1,29.421812057495117
merged,blocked_8V_noise_run01.wav,blocked,8V,noise,1,1,31.30897331237793
merged,blocked_8V_noise_run02.wav,blocked,8V,noise,2,1,31.230615615844727
merged,blocked_8V_noise_run03.wav,blocked,8V,noise,3,1,30.534072875976562
merged,blocked_8V_noise_run04.wav,blocked,8V,noise,4,1,31.747163772583008
merged,blocked_8V_noise_run05.wav,blocked,8V,noise,5,1,30.98981285095215
merged,blocked_8V_noise_run06.wav,blocked,8V,noise,6,1,31.07460594177246
merged,blocked_8V_noise_run07.wav,blocked,8V,noise,7,1,31.4255428314209
merged,blocked_8V_noise_run08.wav,blocked,8V,noise,8,1,30.739891052246094
merged,blocked_8V_noise_run09.wav,blocked,8V,noise,9,1,30.789064407348633
merged,blocked_8V_noise_run10.wav,blocked,8V,noise,10,1,30.896371841430664
merged,blocked_8V_quiet_run01.wav,blocked,8V,quiet,1,1,39.250003814697266
merged,blocked_8V_quiet_run02.wav,blocked,8V,quiet,2,1,40.176048278808594
merged,blocked_8V_quiet_run03.wav,blocked,8V,quiet,3,1,39.447181701660156
merged,blocked_8V_quiet_run04.wav,blocked,8V,quiet,4,1,40.021629333496094
merged,blocked_8V_quiet_run05.wav,blocked,8V,quiet,5,1,39.639835357666016
merged,blocked_8V_quiet_run06.wav,blocked,8V,quiet,6,1,40.3447265625
merged,blocked_8V_quiet_run07.wav,blocked,8V,quiet,7,1,40.59249496459961
merged,blocked_8V_quiet_run08.wav,blocked,8V,quiet,8,1,40.54179763793945
merged,blocked_8V_quiet_run09.wav,blocked,8V,quiet,9,1,40.50246047973633
merged,blocked_8V_quiet_run10.wav,blocked,8V,quiet,10,1,40.19426727294922
merged,imbalance_12V_noise_run01.wav,imbalance,12V,noise,1,1,54.42740249633789
merged,imbalance_12V_noise_run02.wav,imbalance,12V,noise,2,1,54.986328125
merged,imbalance_12V_noise_run03.wav,imbalance,12V,noise,3,1,52.33534622192383
merged,imbalance_12V_noise_run04.wav,imbalance,12V,noise,4,1,51.34043884277344
merged,imbalance_12V_noise_run05.wav,imbalance,12V,noise,5,1,49.32994079589844
merged,imbalance_12V_noise_run06.wav,imbalance,12V,noise,6,1,49.74112319946289
merged,imbalance_12V_noise_run07.wav,imbalance,12V,noise,7,1,51.415225982666016
merged,imbalance_12V_noise_run08.wav,imbalance,12V,noise,8,1,53.25249099731445
merged,imbalance_12V_noise_run09.wav,imbalance,12V,noise,9,1,47.22944641113281
merged,imbalance_12V_noise_run10.wav,imbalance,12V,noise,10,1,53.6774787902832
merged,imbalance_12V_quiet_run01.wav,imbalance,12V,quiet,1,1,65.41983795166016
merged,imbalance_12V_quiet_run02.wav,imbalance,12V,quiet,2,1,61.138553619384766
merged,imbalance_12V_quiet_run03.wav,imbalance,12V,quiet,3,1,63.41204071044922
merged,imbalance_12V_quiet_run04.wav,imbalance,12V,quiet,4,1,63.94229507446289
merged,imbalance_12V_quiet_run05.wav,imbalance,12V,quiet,5,1,67.26646423339844
merged,imbalance_12V_quiet_run06.wav,imbalance,12V,quiet,6,1,69.0943603515625
merged,imbalance_12V_quiet_run07.wav,imbalance,12V,quiet,7,1,68.78419494628906
merged,imbalance_12V_quiet_run08.wav,imbalance,12V,quiet,8,1,71.15045928955078
merged,imbalance_12V_quiet_run09.wav,imbalance,12V,quiet,9,1,58.69775390625
merged,imbalance_12V_quiet_run10.wav,imbalance,12V,quiet,10,1,56.45335388183594
merged,imbalance_4V_noise_run01.wav,imbalance,4V,noise,1,1,17.180492401123047
merged,imbalance_4V_noise_run02.wav,imbalance,4V,noise,2,1,17.164880752563477
merged,imbalance_4V_noise_run03.wav,imbalance,4V,noise,3,1,16.98717498779297
merged,imbalance_4V_noise_run04.wav,imbalance,4V,noise,4,1,16.85245704650879
merged,imbalance_4V_noise_run05.wav,imbalance,4V,noise,5,1,16.904455184936523
merged,imbalance_4V_noise_run06.wav,imbalance,4V,noise,6,1,17.73815155029297
merged,imbalance_4V_noise_run07.wav,imbalance,4V,noise,7,1,16.681100845336914
merged,imbalance_4V_noise_run08.wav,imbalance,4V,noise,8,1,17.0930118560791
merged,imbalance_4V_noise_run09.wav,imbalance,4V,noise,9,1,16.498022079467773
merged,imbalance_4V_noise_run10.wav,imbalance,4V,noise,10,1,16.84579849243164
merged,imbalance_4V_quiet_run01.wav,imbalance,4V,quiet,1,1,37.85044479370117
merged,imbalance_4V_quiet_run02.wav,imbalance,4V,quiet,2,1,30.957971572875977
merged,imbalance_4V_quiet_run03.wav,imbalance,4V,quiet,3,1,32.35764694213867
merged,imbalance_4V_quiet_run04.wav,imbalance,4V,quiet,4,1,32.308555603027344
merged,imbalance_4V_quiet_run05.wav,imbalance,4V,quiet,5,1,33.70965576171875
merged,imbalance_4V_quiet_run06.wav,imbalance,4V,quiet,6,1,35.25543975830078
merged,imbalance_4V_quiet_run07.wav,imbalance,4V,quiet,7,1,38.34919357299805
merged,imbalance_4V_quiet_run08.wav,imbalance,4V,quiet,8,1,41.544036865234375
merged,imbalance_4V_quiet_run09.wav,imbalance,4V,quiet,9,1,30.525474548339844
merged,imbalance_4V_quiet_run10.wav,imbalance,4V,quiet,10,1,32.35879898071289
merged,imbalance_8V_noise_run01.wav,imbalance,8V,noise,1,1,33.985347747802734
merged,imbalance_8V_noise_run02.wav,imbalance,8V,noise,2,1,35.776851654052734
merged,imbalance_8V_noise_run03.wav,imbalance,8V,noise,3,1,38.26952362060547
merged,imbalance_8V_noise_run04.wav,imbalance,8V,noise,4,1,29.643938064575195
merged,imbalance_8V_noise_run05.wav,imbalance,8V,noise,5,1,30.11713409423828
merged,imbalance_8V_noise_run06.wav,imbalance,8V,noise,6,1,30.37078094482422
merged,imbalance_8V_noise_run07.wav,imbalance,8V,noise,7,1,29.714216232299805
merged,imbalance_8V_noise_run08.wav,imbalance,8V,noise,8,1,29.012466430664062
merged,imbalance_8V_noise_run09.wav,imbalance,8V,noise,9,1,29.824193954467773
merged,imbalance_8V_noise_run10.wav,imbalance,8V,noise,10,1,29.055572509765625
merged,imbalance_8V_quiet_run01.wav,imbalance,8V,quiet,1,1,45.798091888427734
merged,imbalance_8V_quiet_run02.wav,imbalance,8V,quiet,2,1,48.746612548828125
merged,imbalance_8V_quiet_run03.wav,imbalance,8V,quiet,3,1,43.529232025146484
merged,imbalance_8V_quiet_run04.wav,imbalance,8V,quiet,4,1,45.268951416015625
merged,imbalance_8V_quiet_run05.wav,imbalance,8V,quiet,5,1,46.54777908325195
merged,imbalance_8V_quiet_run06.wav,imbalance,8V,quiet,6,1,44.17782974243164
merged,imbalance_8V_quiet_run07.wav,imbalance,8V,quiet,7,1,47.053993225097656
merged,imbalance_8V_quiet_run08.wav,imbalance,8V,quiet,8,1,52.484893798828125
merged,imbalance_8V_quiet_run09.wav,imbalance,8V,quiet,9,1,54.88925552368164
merged,imbalance_8V_quiet_run10.wav,imbalance,8V,quiet,10,1,55.59270095825195
merged,normal_12V_noise_run01.wav,normal,12V,noise,1,0,30.11496925354004
merged,normal_12V_noise_run02.wav,normal,12V,noise,2,0,28.9403018951416
merged,normal_12V_noise_run03.wav,normal,12V,noise,3,0,29.759178161621094
merged,normal_12V_noise_run04.wav,normal,12V,noise,4,0,28.78126335144043
merged,normal_12V_noise_run05.wav,normal,12V,noise,5,0,27.41696548461914
merged,normal_12V_noise_run06.wav,normal,12V,noise,6,0,29.30684471130371
merged,normal_12V_noise_run07.wav,normal,12V,noise,7,0,27.9934024810791
merged,normal_12V_noise_run08.wav,normal,12V,noise,8,0,27.14422607421875
merged,normal_12V_noise_run09.wav,normal,12V,noise,9,0,28.04960060119629
merged,normal_12V_noise_run10.wav,normal,12V,noise,10,0,27.320436477661133
merged,normal_12V_quiet_run01.wav,normal,12V,quiet,1,0,51.60200500488281
merged,normal_12V_quiet_run02.wav,normal,12V,quiet,2,0,51.018646240234375
merged,normal_12V_quiet_run03.wav,normal,12V,quiet,3,0,52.3919792175293
merged,normal_12V_quiet_run04.wav,normal,12V,quiet,4,0,51.98421096801758
merged,normal_12V_quiet_run05.wav,normal,12V,quiet,5,0,50.918582916259766
merged,normal_12V_quiet_run06.wav,normal,12V,quiet,6,0,50.65645217895508
merged,normal_12V_quiet_run07.wav,normal,12V,quiet,7,0,52.69415283203125
merged,normal_12V_quiet_run08.wav,normal,12V,quiet,8,0,53.31237030029297
merged,normal_12V_quiet_run09.wav,normal,12V,quiet,9,0,53.15167999267578
merged,normal_12V_quiet_run10.wav,normal,12V,quiet,10,0,52.24666213989258
merged,normal_4V_noise_run01.wav,normal,4V,noise,1,0,24.45030975341797
merged,normal_4V_noise_run02.wav,normal,4V,noise,2,0,24.09943389892578
merged,normal_4V_noise_run03.wav,normal,4V,noise,3,0,23.768369674682617
merged,normal_4V_noise_run04.wav,normal,4V,noise,4,0,22.7403621673584
merged,normal_4V_noise_run05.wav,normal,4V,noise,5,0,22.80640983581543
merged,normal_4V_noise_run06.wav,normal,4V,noise,6,0,22.920305252075195
merged,normal_4V_noise_run07.wav,normal,4V,noise,7,0,23.30018424987793
merged,normal_4V_noise_run08.wav,normal,4V,noise,8,0,22.736143112182617
merged,normal_4V_noise_run09.wav,normal,4V,noise,9,0,22.646087646484375
merged,normal_4V_noise_run10.wav,normal,4V,noise,10,0,23.258821487426758
merged,normal_4V_quiet_run01.wav,normal,4V,quiet,1,0,30.2258358001709
merged,normal_4V_quiet_run02.wav,normal,4V,quiet,2,0,28.408100128173828
merged,normal_4V_quiet_run03.wav,normal,4V,quiet,3,0,31.58599853515625
merged,normal_4V_quiet_run04.wav,normal,4V,quiet,4,0,31.18295669555664
merged,normal_4V_quiet_run05.wav,normal,4V,quiet,5,0,32.54943084716797
merged,normal_4V_quiet_run06.wav,normal,4V,quiet,6,0,30.353899002075195
merged,normal_4V_quiet_run07.wav,normal,4V,quiet,7,0,31.469560623168945
merged,normal_4V_quiet_run08.wav,normal,4V,quiet,8,0,28.65255355834961
merged,normal_4V_quiet_run09.wav,normal,4V,quiet,9,0,31.74195098876953
merged,normal_4V_quiet_run10.wav,normal,4V,quiet,10,0,32.8546257019043
merged,normal_8V_noise_run01.wav,normal,8V,noise,1,0,17.90458106994629
merged,normal_8V_noise_run02.wav,normal,8V,noise,2,0,20.121726989746094
merged,normal_8V_noise_run03.wav,normal,8V,noise,3,0,18.834964752197266
merged,normal_8V_noise_run04.wav,normal,8V,noise,4,0,17.587478637695312
merged,normal_8V_noise_run05.wav,normal,8V,noise,5,0,17.330602645874023
merged,normal_8V_noise_run06.wav,normal,8V,noise,6,0,19.330419540405273
merged,normal_8V_noise_run07.wav,normal,8V,noise,7,0,17.98097038269043
merged,normal_8V_noise_run08.wav,normal,8V,noise,8,0,20.042245864868164
merged,normal_8V_noise_run09.wav,normal,8V,noise,9,0,19.307231903076172
merged,normal_8V_noise_run10.wav,normal,8V,noise,10,0,17.860292434692383
merged,normal_8V_quiet_run01.wav,normal,8V,quiet,1,0,29.93080711364746
merged,normal_8V_quiet_run02.wav,normal,8V,quiet,2,0,29.052881240844727
merged,normal_8V_quiet_run03.wav,normal,8V,quiet,3,0,29.732378005981445
merged,normal_8V_quiet_run04.wav,normal,8V,quiet,4,0,30.795026779174805
merged,normal_8V_quiet_run05.wav,normal,8V,quiet,5,0,30.62717628479004
merged,normal_8V_quiet_run06.wav,normal,8V,quiet,6,0,31.66204071044922
merged,normal_8V_quiet_run07.wav,normal,8V,quiet,7,0,32.23058319091797
merged,normal_8V_quiet_run08.wav,normal,8V,quiet,8,0,32.352962493896484
merged,normal_8V_quiet_run09.wav,normal,8V,quiet,9,0,30.7105655670166
merged,normal_8V_quiet_run10.wav,normal,8V,quiet,10,0,29.790372848510742
