source_model,target_id,source_auc,auc,auc_drop,source_best_f1,best_f1,best_threshold,precision,recall,source_normal_mse_median,target_normal_mse_median,shift_ratio,n_eval_clips
id_00,id_02,0.6805859375,0.4500390625,0.23054687499999998,0.807843137254902,0.7984981226533167,6.065112113952637,0.6659707724425887,0.996875,5.850049734100001,8.255739212036133,1.4112254745311554,480
id_00,id_04,0.6805859375,0.45849609374999994,0.22208984375000002,0.807843137254902,0.7984981226533167,5.876102447509766,0.6659707724425887,0.996875,5.850049734100001,8.05068302154541,1.3761734322732155,480
id_00,id_06,0.6805859375,0.25654296875,0.42404296874999997,0.807843137254902,0.7984981226533167,4.967426300048828,0.6659707724425887,0.996875,5.850049734100001,15.923478603363037,2.721939013705288,480
id_02,id_00,0.8514843750000001,0.5777929687500001,0.27369140625,0.8529411764705882,0.7984981226533167,6.888927936553955,0.6659707724425887,0.996875,5.57886505125,10.64787244796753,1.9086090719440807,480
id_02,id_04,0.8514843750000001,0.5804882812500001,0.27099609375,0.8529411764705882,0.7984981226533167,6.7849273681640625,0.6659707724425887,0.996875,5.57886505125,9.71696662902832,1.741746132907649,480
id_02,id_06,0.8514843750000001,0.34916015625,0.5023242187500001,0.8529411764705882,0.7984981226533167,6.742280960083008,0.6659707724425887,0.996875,5.57886505125,16.88107204437256,3.0258971832613493,480
id_04,id_00,0.78986328125,0.60373046875,0.18613281250000002,0.8559892328398385,0.8010012515644556,6.58546781539917,0.6680584551148225,1.0,5.6128370762,10.264081001281738,1.8286796609159233,480
id_04,id_02,0.78986328125,0.65521484375,0.1346484375,0.8559892328398385,0.7984981226533167,7.031393051147461,0.6659707724425887,0.996875,5.6128370762,8.475597858428955,1.510038104324792,480
id_04,id_06,0.78986328125,0.2945703125000001,0.49529296874999995,0.8559892328398385,0.7984981226533167,6.696793556213379,0.6659707724425887,0.996875,5.6128370762,18.45272445678711,3.287593102431536,480
id_06,id_00,0.98396484375,0.5587109375,0.42525390625000004,0.9580838323353292,0.7984981226533167,12.466300964355469,0.6659707724425887,0.996875,5.2100872993500005,20.779380798339844,3.988298008160484,480
id_06,id_02,0.98396484375,0.5933984375000001,0.39056640624999994,0.9580838323353292,0.7984981226533167,11.138801574707031,0.6659707724425887,0.996875,5.2100872993500005,14.485159873962402,2.780214426689077,480
id_06,id_04,0.98396484375,0.37359374999999995,0.6103710937500001,0.9580838323353292,0.7984981226533167,12.058465003967285,0.6659707724425887,0.996875,5.2100872993500005,17.720498085021973,3.401190242480725,480
