model,fold,held_out_run,n_clips,auc,best_f1
id_00,0,1,18,0.7777777777777778,0.8333333333333334
id_00,1,2,18,0.763888888888889,0.8333333333333334
id_00,2,3,18,0.763888888888889,0.8333333333333334
id_00,3,4,18,0.7500000000000001,0.8333333333333334
id_00,4,5,18,0.7777777777777778,0.8333333333333334
id_00,5,6,18,0.75,0.8275862068965517
id_00,6,7,18,0.7500000000000001,0.8333333333333334
id_00,7,8,18,0.75,0.8333333333333334
id_00,8,9,18,0.7222222222222222,0.8148148148148148
id_00,9,10,18,0.763888888888889,0.8275862068965517
id_02,0,1,18,0.7361111111111112,0.8181818181818182
id_02,1,2,18,0.7361111111111112,0.8333333333333334
id_02,2,3,18,0.75,0.8181818181818182
id_02,3,4,18,0.7083333333333334,0.8148148148148148
id_02,4,5,18,0.7083333333333334,0.8461538461538461
id_02,5,6,18,0.6944444444444445,0.8148148148148148
id_02,6,7,18,0.6944444444444444,0.8461538461538461
id_02,7,8,18,0.7222222222222222,0.8461538461538461
id_02,8,9,18,0.638888888888889,0.8
id_02,9,10,18,0.6805555555555556,0.8
id_04,0,1,18,0.7777777777777778,0.8461538461538461
id_04,1,2,18,0.7916666666666667,0.8461538461538461
id_04,2,3,18,0.7638888888888888,0.8461538461538461
id_04,3,4,18,0.763888888888889,0.8461538461538461
id_04,4,5,18,0.7777777777777778,0.88
id_04,5,6,18,0.7222222222222222,0.8275862068965517
id_04,6,7,18,0.7638888888888888,0.88
id_04,7,8,18,0.7916666666666666,0.88
id_04,8,9,18,0.7222222222222222,0.8333333333333334
id_04,9,10,18,0.736111111111111,0.8333333333333334
id_06,0,1,18,0.6944444444444444,0.8333333333333334
id_06,1,2,18,0.7083333333333334,0.8275862068965517
id_06,2,3,18,0.6805555555555556,0.8275862068965517
id_06,3,4,18,0.6111111111111112,0.8275862068965517
id_06,4,5,18,0.6666666666666666,0.8275862068965517
id_06,5,6,18,0.6527777777777778,0.8275862068965517
id_06,6,7,18,0.6388888888888888,0.8275862068965517
id_06,7,8,18,0.6666666666666666,0.8275862068965517
id_06,8,9,18,0.5833333333333333,0.8275862068965517
id_06,9,10,18,0.6527777777777778,0.8333333333333334
merged,0,1,18,0.7083333333333333,0.8181818181818182
merged,1,2,18,0.7222222222222223,0.8181818181818182
merged,2,3,18,0.7222222222222223,0.8333333333333334
merged,3,4,18,0.6944444444444444,0.8148148148148148
merged,4,5,18,0.6666666666666667,0.8
merged,5,6,18,0.6666666666666667,0.7857142857142857
merged,6,7,18,0.6527777777777779,0.8
merged,7,8,18,0.7083333333333334,0.8333333333333334
merged,8,9,18,0.6527777777777779,0.8
merged,9,10,18,0.6805555555555556,0.8
