file,label,score
id_00/normal/00000005.wav,0,6.8792653084e+00
id_00/normal/00000032.wav,0,6.0208406448e+00
id_00/normal/00000049.wav,0,1.0939856529e+01
id_00/normal/00000120.wav,0,1.2351857185e+01
id_00/normal/00000132.wav,0,1.1066640854e+01
id_00/normal/00000137.wav,0,7.3136587143e+00
id_00/normal/00000159.wav,0,9.2086868286e+00
id_00/normal/00000164.wav,0,7.2348818779e+00
id_00/normal/00000245.wav,0,5.2324800491e+00
id_00/normal/00000272.wav,0,7.3430156708e+00
id_00/normal/00000298.wav,0,1.2280227661e+01
id_00/normal/00000313.wav,0,6.8803920746e+00
id_00/normal/00000320.wav,0,6.3360881805e+00
id_00/normal/00000325.wav,0,7.7715997696e+00
id_00/normal/00000339.wav,0,1.0318687439e+01
id_00/normal/00000373.wav,0,5.0323619843e+00
id_00/normal/00000386.wav,0,7.5170993805e+00
id_00/normal/00000391.wav,0,1.2384673119e+01
id_00/normal/00000480.wav,0,6.5026311874e+00
id_00/normal/00000552.wav,0,5.1884632111e+00
id_00/normal/00000564.wav,0,9.9484167099e+00
id_00/normal/00000597.wav,0,6.5945291519e+00
id_00/normal/00000675.wav,0,8.4632825851e+00
id_00/normal/00000677.wav,0,6.1782469749e+00
id_00/normal/00000686.wav,0,5.1339926720e+00
id_00/normal/00000720.wav,0,5.7831363678e+00
id_00/normal/00000727.wav,0,5.5473327637e+00
id_00/normal/00000730.wav,0,7.9539389610e+00
id_00/normal/00000740.wav,0,6.5491237640e+00
id_00/normal/00000763.wav,0,1.2340631485e+01
id_00/normal/00000773.wav,0,6.6235790253e+00
id_00/normal/00000776.wav,0,6.8752188683e+00
id_00/normal/00000780.wav,0,8.9769201279e+00
id_00/normal/00000850.wav,0,6.3307323456e+00
id_00/normal/00000854.wav,0,6.6768898964e+00
id_00/normal/00000858.wav,0,1.2119413376e+01
id_00/normal/00000862.wav,0,5.2598400116e+00
id_00/normal/00000895.wav,0,5.0818400383e+00
id_00/normal/00000929.wav,0,7.4659509659e+00
id_00/normal/00000961.wav,0,5.2647695541e+00
id_00/abnormal/00000004.wav,1,6.1279788017e+00
id_00/abnormal/00000006.wav,1,6.9222087860e+00
id_00/abnormal/00000011.wav,1,6.1716208458e+00
id_00/abnormal/00000012.wav,1,1.3827597618e+01
id_00/abnormal/00000017.wav,1,1.5002601624e+01
id_00/abnormal/00000019.wav,1,5.7894492149e+00
id_00/abnormal/00000020.wav,1,7.7308607101e+00
id_00/abnormal/00000026.wav,1,1.7399183273e+01
id_00/abnormal/00000038.wav,1,5.8717851639e+00
id_00/abnormal/00000040.wav,1,8.5017929077e+00
id_00/abnormal/00000043.wav,1,6.1180810928e+00
id_00/abnormal/00000056.wav,1,1.6430162430e+01
id_00/abnormal/00000060.wav,1,7.9572458267e+00
id_00/abnormal/00000063.wav,1,6.1829905510e+00
id_00/abnormal/00000072.wav,1,9.9299058914e+00
id_00/abnormal/00000090.wav,1,1.3552842140e+01
id_00/abnormal/00000092.wav,1,7.7466249466e+00
id_00/abnormal/00000096.wav,1,7.7784218788e+00
id_00/abnormal/00000102.wav,1,5.6194396019e+00
id_00/abnormal/00000104.wav,1,1.0430987358e+01
id_00/abnormal/00000112.wav,1,9.1056289673e+00
id_00/abnormal/00000114.wav,1,6.5878353119e+00
id_00/abnormal/00000118.wav,1,1.1370529175e+01
id_00/abnormal/00000127.wav,1,1.1832483292e+01
id_00/abnormal/00000130.wav,1,1.4130435944e+01
id_00/abnormal/00000141.wav,1,6.9563865662e+00
id_00/abnormal/00000145.wav,1,1.8174682617e+01
id_00/abnormal/00000146.wav,1,7.5473566055e+00
id_00/abnormal/00000149.wav,1,9.1580629349e+00
id_00/abnormal/00000151.wav,1,1.6123321533e+01
id_00/abnormal/00000156.wav,1,1.0340925217e+01
id_00/abnormal/00000169.wav,1,5.1468601227e+00
id_00/abnormal/00000179.wav,1,1.0393457413e+01
id_00/abnormal/00000185.wav,1,1.2445823669e+01
id_00/abnormal/00000190.wav,1,5.4771342278e+00
id_00/abnormal/00000201.wav,1,7.2372970581e+00
id_00/abnormal/00000203.wav,1,5.2471613884e+00
id_00/abnormal/00000207.wav,1,5.3396177292e+00
id_00/abnormal/00000210.wav,1,7.1936612129e+00
id_00/abnormal/00000211.wav,1,1.2782535553e+01
id_00/abnormal/00000213.wav,1,5.0481987000e+00
id_00/abnormal/00000216.wav,1,5.3819231987e+00
id_00/abnormal/00000228.wav,1,1.5175560951e+01
id_00/abnormal/00000229.wav,1,5.4389991760e+00
id_00/abnormal/00000230.wav,1,5.4982042313e+00
id_00/abnormal/00000234.wav,1,1.3783731461e+01
id_00/abnormal/00000235.wav,1,8.0956401825e+00
id_00/abnormal/00000236.wav,1,6.9162607193e+00
id_00/abnormal/00000243.wav,1,5.3484716415e+00
id_00/abnormal/00000251.wav,1,8.1490449905e+00
id_00/abnormal/00000252.wav,1,1.5120730400e+01
id_00/abnormal/00000262.wav,1,9.1327228546e+00
id_00/abnormal/00000264.wav,1,1.1287787437e+01
id_00/abnormal/00000269.wav,1,9.5240077972e+00
id_00/abnormal/00000274.wav,1,5.2305698395e+00
id_00/abnormal/00000278.wav,1,5.4016580582e+00
id_00/abnormal/00000286.wav,1,6.5377840996e+00
id_00/abnormal/00000289.wav,1,8.9826335907e+00
id_00/abnormal/00000293.wav,1,1.2426910400e+01
id_00/abnormal/00000295.wav,1,9.6337785721e+00
id_00/abnormal/00000302.wav,1,8.4502201080e+00
id_00/abnormal/00000304.wav,1,5.4437222481e+00
id_00/abnormal/00000309.wav,1,1.0004926682e+01
id_00/abnormal/00000323.wav,1,1.1754995346e+01
id_00/abnormal/00000334.wav,1,7.2399406433e+00
id_00/abnormal/00000340.wav,1,1.1821082115e+01
id_00/abnormal/00000341.wav,1,9.6289281845e+00
id_00/abnormal/00000348.wav,1,6.9996738434e+00
id_00/abnormal/00000352.wav,1,5.4625630379e+00
id_00/abnormal/00000355.wav,1,6.5482563972e+00
id_00/abnormal/00000357.wav,1,7.3113393784e+00
id_00/abnormal/00000360.wav,1,1.0837490082e+01
id_00/abnormal/00000364.wav,1,6.0426239967e+00
id_00/abnormal/00000368.wav,1,1.4225518227e+01
id_00/abnormal/00000373.wav,1,7.8053593636e+00
id_00/abnormal/00000390.wav,1,6.5784254074e+00
id_00/abnormal/00000396.wav,1,1.3398858070e+01
id_00/abnormal/00000398.wav,1,1.1182534218e+01
id_00/abnormal/00000400.wav,1,9.6054315567e+00
id_00/abnormal/00000405.wav,1,5.1030888557e+00
id_02/normal/00000012.wav,0,7.8387956619e+00
id_02/normal/00000013.wav,0,7.7124090195e+00
id_02/normal/00000048.wav,0,5.1568160057e+00
id_02/normal/00000054.wav,0,6.5884075165e+00
id_02/normal/00000090.wav,0,4.9572558403e+00
id_02/normal/00000091.wav,0,6.3693518639e+00
id_02/normal/00000109.wav,0,6.4838142395e+00
id_02/normal/00000119.wav,0,5.1549005508e+00
id_02/normal/00000225.wav,0,5.1058254242e+00
id_02/normal/00000227.wav,0,7.5002989769e+00
id_02/normal/00000245.wav,0,5.5387401581e+00
id_02/normal/00000250.wav,0,5.0209670067e+00
id_02/normal/00000255.wav,0,6.5833044052e+00
id_02/normal/00000302.wav,0,6.6425499916e+00
id_02/normal/00000321.wav,0,6.0092840195e+00
id_02/normal/00000326.wav,0,6.0887913704e+00
id_02/normal/00000383.wav,0,5.8183279037e+00
id_02/normal/00000405.wav,0,5.1602463722e+00
id_02/normal/00000533.wav,0,4.9675946236e+00
id_02/normal/00000538.wav,0,5.1239781380e+00
id_02/normal/00000551.wav,0,5.6031746864e+00
id_02/normal/00000583.wav,0,5.1513738632e+00
id_02/normal/00000596.wav,0,5.0353555679e+00
id_02/normal/00000599.wav,0,5.0731191635e+00
id_02/normal/00000616.wav,0,6.5315814018e+00
id_02/normal/00000645.wav,0,5.0768656731e+00
id_02/normal/00000673.wav,0,5.9510965347e+00
id_02/normal/00000692.wav,0,4.9408888817e+00
id_02/normal/00000733.wav,0,7.1110596657e+00
id_02/normal/00000745.wav,0,5.5947518349e+00
id_02/normal/00000747.wav,0,5.0105342865e+00
id_02/normal/00000757.wav,0,7.5501637459e+00
id_02/normal/00000784.wav,0,5.0096044540e+00
id_02/normal/00000800.wav,0,7.2354135513e+00
id_02/normal/00000805.wav,0,6.9052877426e+00
id_02/normal/00000838.wav,0,7.2141737938e+00
id_02/normal/00000885.wav,0,5.1636738777e+00
id_02/normal/00000900.wav,0,6.4443593025e+00
id_02/normal/00000935.wav,0,5.5426449776e+00
id_02/normal/00000969.wav,0,5.0666179657e+00
id_02/abnormal/00000003.wav,1,1.4854317665e+01
id_02/abnormal/00000004.wav,1,1.0979697227e+01
id_02/abnormal/00000013.wav,1,1.1644508362e+01
id_02/abnormal/00000016.wav,1,6.4673066139e+00
id_02/abnormal/00000019.wav,1,1.0051403046e+01
id_02/abnormal/00000021.wav,1,1.7725774765e+01
id_02/abnormal/00000022.wav,1,7.4957323074e+00
id_02/abnormal/00000027.wav,1,9.4284095764e+00
id_02/abnormal/00000033.wav,1,9.4700345993e+00
id_02/abnormal/00000045.wav,1,7.2911863327e+00
id_02/abnormal/00000048.wav,1,6.5421252251e+00
id_02/abnormal/00000069.wav,1,1.0959910393e+01
id_02/abnormal/00000071.wav,1,6.4802155495e+00
id_02/abnormal/00000073.wav,1,1.0490924835e+01
id_02/abnormal/00000076.wav,1,9.1210641861e+00
id_02/abnormal/00000079.wav,1,9.6929807663e+00
id_02/abnormal/00000082.wav,1,1.3026330948e+01
id_02/abnormal/00000084.wav,1,9.8854866028e+00
id_02/abnormal/00000088.wav,1,1.0314443588e+01
id_02/abnormal/00000089.wav,1,6.3079733849e+00
id_02/abnormal/00000090.wav,1,6.4380335808e+00
id_02/abnormal/00000097.wav,1,6.5747480392e+00
id_02/abnormal/00000099.wav,1,6.5455026627e+00
id_02/abnormal/00000103.wav,1,8.3366231918e+00
id_02/abnormal/00000108.wav,1,1.5317572594e+01
id_02/abnormal/00000110.wav,1,1.3768308640e+01
id_02/abnormal/00000112.wav,1,1.1005593300e+01
id_02/abnormal/00000113.wav,1,8.9228534698e+00
id_02/abnormal/00000119.wav,1,6.8277301788e+00
id_02/abnormal/00000125.wav,1,6.7715263367e+00
id_02/abnormal/00000129.wav,1,6.9854183197e+00
id_02/abnormal/00000130.wav,1,1.0187301636e+01
id_02/abnormal/00000134.wav,1,5.3598561287e+00
id_02/abnormal/00000139.wav,1,6.3672337532e+00
id_02/abnormal/00000156.wav,1,7.2489066124e+00
id_02/abnormal/00000157.wav,1,7.0382456779e+00
id_02/abnormal/00000164.wav,1,5.3117346764e+00
id_02/abnormal/00000165.wav,1,6.1773314476e+00
id_02/abnormal/00000173.wav,1,5.3888840675e+00
id_02/abnormal/00000183.wav,1,5.3469138145e+00
id_02/abnormal/00000192.wav,1,5.2542257309e+00
id_02/abnormal/00000193.wav,1,7.5442566872e+00
id_02/abnormal/00000199.wav,1,7.2052364349e+00
id_02/abnormal/00000209.wav,1,5.2616472244e+00
id_02/abnormal/00000222.wav,1,7.2840795517e+00
id_02/abnormal/00000226.wav,1,6.3037095070e+00
id_02/abnormal/00000230.wav,1,6.6313409805e+00
id_02/abnormal/00000231.wav,1,7.4705281258e+00
id_02/abnormal/00000236.wav,1,5.8877277374e+00
id_02/abnormal/00000244.wav,1,6.2498259544e+00
id_02/abnormal/00000245.wav,1,5.9334235191e+00
id_02/abnormal/00000252.wav,1,1.0831796646e+01
id_02/abnormal/00000256.wav,1,1.0830525398e+01
id_02/abnormal/00000257.wav,1,8.4263677597e+00
id_02/abnormal/00000261.wav,1,6.7145466805e+00
id_02/abnormal/00000266.wav,1,6.8173537254e+00
id_02/abnormal/00000267.wav,1,6.6696062088e+00
id_02/abnormal/00000268.wav,1,7.6043519974e+00
id_02/abnormal/00000279.wav,1,6.7861180305e+00
id_02/abnormal/00000282.wav,1,7.0920791626e+00
id_02/abnormal/00000283.wav,1,1.1842925072e+01
id_02/abnormal/00000290.wav,1,9.2292108536e+00
id_02/abnormal/00000291.wav,1,6.5659055710e+00
id_02/abnormal/00000294.wav,1,8.3022155762e+00
id_02/abnormal/00000295.wav,1,9.4477939606e+00
id_02/abnormal/00000298.wav,1,6.0685138702e+00
id_02/abnormal/00000299.wav,1,1.1025154114e+01
id_02/abnormal/00000303.wav,1,8.7417774200e+00
id_02/abnormal/00000308.wav,1,6.7701587677e+00
id_02/abnormal/00000310.wav,1,9.2260217667e+00
id_02/abnormal/00000311.wav,1,6.8516592979e+00
id_02/abnormal/00000328.wav,1,1.1774447441e+01
id_02/abnormal/00000332.wav,1,8.5007810593e+00
id_02/abnormal/00000333.wav,1,6.8931360245e+00
id_02/abnormal/00000334.wav,1,1.1859046936e+01
id_02/abnormal/00000337.wav,1,6.4617528915e+00
id_02/abnormal/00000345.wav,1,9.3269262314e+00
id_02/abnormal/00000346.wav,1,1.3092815399e+01
id_02/abnormal/00000353.wav,1,8.4344387054e+00
id_02/abnormal/00000354.wav,1,8.6131315231e+00
id_04/normal/00000036.wav,0,7.7499356270e+00
id_04/normal/00000037.wav,0,4.9970211983e+00
id_04/normal/00000052.wav,0,5.8234782219e+00
id_04/normal/00000140.wav,0,5.0405306816e+00
id_04/normal/00000172.wav,0,7.1726841927e+00
id_04/normal/00000230.wav,0,6.5764336586e+00
id_04/normal/00000257.wav,0,4.8879032135e+00
id_04/normal/00000272.wav,0,6.0291657448e+00
id_04/normal/00000285.wav,0,8.4202938080e+00
id_04/normal/00000326.wav,0,1.0144003868e+01
id_04/normal/00000327.wav,0,4.9122052193e+00
id_04/normal/00000367.wav,0,6.3562426567e+00
id_04/normal/00000370.wav,0,7.8612203598e+00
id_04/normal/00000397.wav,0,8.4081888199e+00
id_04/normal/00000427.wav,0,1.0719970703e+01
id_04/normal/00000468.wav,0,4.9119729996e+00
id_04/normal/00000481.wav,0,7.7736449242e+00
id_04/normal/00000502.wav,0,7.3919043541e+00
id_04/normal/00000545.wav,0,4.9782376289e+00
id_04/normal/00000563.wav,0,6.6036500931e+00
id_04/normal/00000577.wav,0,4.9802656174e+00
id_04/normal/00000596.wav,0,8.0760240555e+00
id_04/normal/00000631.wav,0,4.9197559357e+00
id_04/normal/00000642.wav,0,5.9404244423e+00
id_04/normal/00000648.wav,0,5.6674561501e+00
id_04/normal/00000703.wav,0,6.1710457802e+00
id_04/normal/00000710.wav,0,8.1282176971e+00
id_04/normal/00000711.wav,0,5.1055698395e+00
id_04/normal/00000790.wav,0,6.1176981926e+00
id_04/normal/00000796.wav,0,8.9563379288e+00
id_04/normal/00000824.wav,0,6.2268290520e+00
id_04/normal/00000831.wav,0,1.6608682632e+01
id_04/normal/00000852.wav,0,6.3230433464e+00
id_04/normal/00000867.wav,0,5.0049872398e+00
id_04/normal/00000884.wav,0,5.0107765198e+00
id_04/normal/00000898.wav,0,4.8317294121e+00
id_04/normal/00000953.wav,0,7.4439353943e+00
id_04/normal/00000971.wav,0,7.3968811035e+00
id_04/normal/00001020.wav,0,5.1597628593e+00
id_04/normal/00001031.wav,0,7.6689338684e+00
id_04/abnormal/00000002.wav,1,1.5564144135e+01
id_04/abnormal/00000005.wav,1,1.1681889534e+01
id_04/abnormal/00000007.wav,1,8.3659925461e+00
id_04/abnormal/00000012.wav,1,9.9435567856e+00
id_04/abnormal/00000015.wav,1,9.3858327866e+00
id_04/abnormal/00000025.wav,1,1.2666889191e+01
id_04/abnormal/00000028.wav,1,1.1787975311e+01
id_04/abnormal/00000033.wav,1,1.2487337112e+01
id_04/abnormal/00000035.wav,1,8.3995857239e+00
id_04/abnormal/00000038.wav,1,8.6017980576e+00
id_04/abnormal/00000046.wav,1,1.2775639534e+01
id_04/abnormal/00000050.wav,1,9.5533790588e+00
id_04/abnormal/00000056.wav,1,7.5891613960e+00
id_04/abnormal/00000060.wav,1,7.9608411789e+00
id_04/abnormal/00000064.wav,1,1.1279287338e+01
id_04/abnormal/00000066.wav,1,1.1632585526e+01
id_04/abnormal/00000069.wav,1,7.6643157005e+00
id_04/abnormal/00000070.wav,1,1.3650925636e+01
id_04/abnormal/00000071.wav,1,1.1488681793e+01
id_04/abnormal/00000072.wav,1,1.2480302811e+01
id_04/abnormal/00000075.wav,1,1.5556609154e+01
id_04/abnormal/00000078.wav,1,1.7408248901e+01
id_04/abnormal/00000079.wav,1,8.5512800217e+00
id_04/abnormal/00000080.wav,1,8.9740238190e+00
id_04/abnormal/00000085.wav,1,1.1452905655e+01
id_04/abnormal/00000086.wav,1,7.9087815285e+00
id_04/abnormal/00000093.wav,1,8.0736694336e+00
id_04/abnormal/00000098.wav,1,1.1674436569e+01
id_04/abnormal/00000100.wav,1,1.3906146049e+01
id_04/abnormal/00000101.wav,1,7.5355625153e+00
id_04/abnormal/00000107.wav,1,8.1429958344e+00
id_04/abnormal/00000119.wav,1,6.8784322739e+00
id_04/abnormal/00000134.wav,1,7.3572239876e+00
id_04/abnormal/00000137.wav,1,5.2815737724e+00
id_04/abnormal/00000140.wav,1,6.4396147728e+00
id_04/abnormal/00000145.wav,1,7.8244237900e+00
id_04/abnormal/00000152.wav,1,5.2330918312e+00
id_04/abnormal/00000153.wav,1,7.3059754372e+00
id_04/abnormal/00000159.wav,1,1.1227087975e+01
id_04/abnormal/00000160.wav,1,7.7978863716e+00
id_04/abnormal/00000162.wav,1,7.4304499626e+00
id_04/abnormal/00000164.wav,1,7.1702127457e+00
id_04/abnormal/00000168.wav,1,5.6338968277e+00
id_04/abnormal/00000171.wav,1,5.3690023422e+00
id_04/abnormal/00000176.wav,1,5.7360978127e+00
id_04/abnormal/00000180.wav,1,7.3671970367e+00
id_04/abnormal/00000182.wav,1,6.1775121689e+00
id_04/abnormal/00000211.wav,1,5.3624343872e+00
id_04/abnormal/00000219.wav,1,7.5769653320e+00
id_04/abnormal/00000220.wav,1,9.3382530212e+00
id_04/abnormal/00000221.wav,1,8.3184652328e+00
id_04/abnormal/00000228.wav,1,6.2608437538e+00
id_04/abnormal/00000232.wav,1,6.3743190765e+00
id_04/abnormal/00000234.wav,1,8.4394464493e+00
id_04/abnormal/00000235.wav,1,5.6584181786e+00
id_04/abnormal/00000237.wav,1,6.8862676620e+00
id_04/abnormal/00000240.wav,1,6.0813832283e+00
id_04/abnormal/00000241.wav,1,5.6085653305e+00
id_04/abnormal/00000251.wav,1,6.4191598892e+00
id_04/abnormal/00000260.wav,1,5.5613322258e+00
id_04/abnormal/00000265.wav,1,5.7835197449e+00
id_04/abnormal/00000267.wav,1,7.0386552811e+00
id_04/abnormal/00000271.wav,1,6.0668001175e+00
id_04/abnormal/00000273.wav,1,5.6592531204e+00
id_04/abnormal/00000282.wav,1,1.4520672798e+01
id_04/abnormal/00000284.wav,1,5.4575166702e+00
id_04/abnormal/00000302.wav,1,6.5847878456e+00
id_04/abnormal/00000303.wav,1,6.1837773323e+00
id_04/abnormal/00000305.wav,1,1.0322389603e+01
id_04/abnormal/00000312.wav,1,8.3195810318e+00
id_04/abnormal/00000314.wav,1,8.6076669693e+00
id_04/abnormal/00000315.wav,1,7.2205562592e+00
id_04/abnormal/00000317.wav,1,5.9743628502e+00
id_04/abnormal/00000322.wav,1,5.6768293381e+00
id_04/abnormal/00000325.wav,1,5.6327819824e+00
id_04/abnormal/00000328.wav,1,6.9387564659e+00
id_04/abnormal/00000332.wav,1,5.3036484718e+00
id_04/abnormal/00000333.wav,1,5.3998055458e+00
id_04/abnormal/00000334.wav,1,8.2170724869e+00
id_04/abnormal/00000347.wav,1,6.3404917717e+00
id_06/normal/00000003.wav,0,7.0338916779e+00
id_06/normal/00000048.wav,0,7.0758371353e+00
id_06/normal/00000091.wav,0,6.4710373878e+00
id_06/normal/00000120.wav,0,8.9612159729e+00
id_06/normal/00000125.wav,0,6.9283819199e+00
id_06/normal/00000156.wav,0,5.1051111221e+00
id_06/normal/00000162.wav,0,1.0228773117e+01
id_06/normal/00000188.wav,0,4.3980860710e+00
id_06/normal/00000218.wav,0,4.6868071556e+00
id_06/normal/00000279.wav,0,7.7859830856e+00
id_06/normal/00000294.wav,0,7.4220886230e+00
id_06/normal/00000346.wav,0,5.7663345337e+00
id_06/normal/00000396.wav,0,5.3745441437e+00
id_06/normal/00000401.wav,0,8.1228160858e+00
id_06/normal/00000423.wav,0,1.1883984566e+01
id_06/normal/00000426.wav,0,4.5369005203e+00
id_06/normal/00000493.wav,0,5.1117596626e+00
id_06/normal/00000512.wav,0,5.2202467918e+00
id_06/normal/00000525.wav,0,9.8222465515e+00
id_06/normal/00000529.wav,0,4.4882235527e+00
id_06/normal/00000565.wav,0,8.7771987915e+00
id_06/normal/00000570.wav,0,5.5957608223e+00
id_06/normal/00000601.wav,0,6.4858226776e+00
id_06/normal/00000610.wav,0,4.3940839767e+00
id_06/normal/00000634.wav,0,5.4827141762e+00
id_06/normal/00000694.wav,0,6.1053814888e+00
id_06/normal/00000706.wav,0,5.7211022377e+00
id_06/normal/00000707.wav,0,4.4848055840e+00
id_06/normal/00000723.wav,0,7.9796767235e+00
id_06/normal/00000734.wav,0,5.7663717270e+00
id_06/normal/00000761.wav,0,8.3537149429e+00
id_06/normal/00000832.wav,0,5.3362798691e+00
id_06/normal/00000850.wav,0,6.7064223289e+00
id_06/normal/00000868.wav,0,9.9095783234e+00
id_06/normal/00000873.wav,0,4.7896265984e+00
id_06/normal/00000875.wav,0,5.0417957306e+00
id_06/normal/00000883.wav,0,6.7590012550e+00
id_06/normal/00000957.wav,0,4.5155210495e+00
id_06/normal/00000983.wav,0,4.5148663521e+00
id_06/normal/00001013.wav,0,9.1217699051e+00
id_06/abnormal/00000008.wav,1,1.1668170929e+01
id_06/abnormal/00000013.wav,1,8.8658838272e+00
id_06/abnormal/00000015.wav,1,5.3333640099e+00
id_06/abnormal/00000020.wav,1,1.0486708641e+01
id_06/abnormal/00000021.wav,1,1.4670779228e+01
id_06/abnormal/00000025.wav,1,5.3064131737e+00
id_06/abnormal/00000033.wav,1,5.3305616379e+00
id_06/abnormal/00000034.wav,1,7.9630188942e+00
id_06/abnormal/00000038.wav,1,1.0599832535e+01
id_06/abnormal/00000039.wav,1,5.2411446571e+00
id_06/abnormal/00000048.wav,1,7.9492797852e+00
id_06/abnormal/00000054.wav,1,1.0487117767e+01
id_06/abnormal/00000056.wav,1,1.2258987427e+01
id_06/abnormal/00000067.wav,1,5.1504516602e+00
id_06/abnormal/00000071.wav,1,9.1502199173e+00
id_06/abnormal/00000076.wav,1,8.5465126038e+00
id_06/abnormal/00000081.wav,1,9.9818086624e+00
id_06/abnormal/00000085.wav,1,8.2829132080e+00
id_06/abnormal/00000092.wav,1,9.1446990967e+00
id_06/abnormal/00000099.wav,1,9.9837198257e+00
id_06/abnormal/00000103.wav,1,6.7917561531e+00
id_06/abnormal/00000104.wav,1,6.9934177399e+00
id_06/abnormal/00000105.wav,1,8.8699264526e+00
id_06/abnormal/00000109.wav,1,7.0313205719e+00
id_06/abnormal/00000111.wav,1,9.7699031830e+00
id_06/abnormal/00000124.wav,1,5.1713838577e+00
id_06/abnormal/00000125.wav,1,5.3745007515e+00
id_06/abnormal/00000126.wav,1,5.2270798683e+00
id_06/abnormal/00000127.wav,1,5.6085114479e+00
id_06/abnormal/00000128.wav,1,7.7304081917e+00
id_06/abnormal/00000130.wav,1,7.5342574120e+00
id_06/abnormal/00000131.wav,1,1.2961144447e+01
id_06/abnormal/00000135.wav,1,7.7299523354e+00
id_06/abnormal/00000142.wav,1,1.0909480095e+01
id_06/abnormal/00000153.wav,1,6.1651659012e+00
id_06/abnormal/00000154.wav,1,6.3501334190e+00
id_06/abnormal/00000158.wav,1,1.1289831161e+01
id_06/abnormal/00000160.wav,1,1.0208295822e+01
id_06/abnormal/00000161.wav,1,1.2681910515e+01
id_06/abnormal/00000162.wav,1,6.7766122818e+00
id_06/abnormal/00000174.wav,1,6.8707351685e+00
id_06/abnormal/00000175.wav,1,1.0819375992e+01
id_06/abnormal/00000180.wav,1,7.6219820976e+00
id_06/abnormal/00000183.wav,1,6.1718273163e+00
id_06/abnormal/00000186.wav,1,6.8987555504e+00
id_06/abnormal/00000192.wav,1,5.6777892113e+00
id_06/abnormal/00000198.wav,1,5.7082104683e+00
id_06/abnormal/00000205.wav,1,1.0762673378e+01
id_06/abnormal/00000221.wav,1,1.2312482834e+01
id_06/abnormal/00000224.wav,1,8.1335182190e+00
id_06/abnormal/00000228.wav,1,1.1163578987e+01
id_06/abnormal/00000233.wav,1,6.7367029190e+00
id_06/abnormal/00000239.wav,1,5.4766039848e+00
id_06/abnormal/00000244.wav,1,9.2173643112e+00
id_06/abnormal/00000247.wav,1,6.5105800629e+00
id_06/abnormal/00000250.wav,1,8.7838640213e+00
id_06/abnormal/00000258.wav,1,7.6514544487e+00
id_06/abnormal/00000263.wav,1,8.8232421875e+00
id_06/abnormal/00000264.wav,1,1.3354277611e+01
id_06/abnormal/00000270.wav,1,7.2852330208e+00
id_06/abnormal/00000271.wav,1,9.1541156769e+00
id_06/abnormal/00000273.wav,1,1.0993742943e+01
id_06/abnormal/00000280.wav,1,1.2725134850e+01
id_06/abnormal/00000286.wav,1,5.8823723793e+00
id_06/abnormal/00000290.wav,1,8.9358100891e+00
id_06/abnormal/00000297.wav,1,2.1203796387e+01
id_06/abnormal/00000299.wav,1,1.0412018776e+01
id_06/abnormal/00000301.wav,1,8.1936550140e+00
id_06/abnormal/00000307.wav,1,8.3651771545e+00
id_06/abnormal/00000312.wav,1,1.0358625412e+01
id_06/abnormal/00000315.wav,1,6.5379595757e+00
id_06/abnormal/00000320.wav,1,9.2239112854e+00
id_06/abnormal/00000322.wav,1,7.5344500542e+00
id_06/abnormal/00000324.wav,1,1.5690443039e+01
id_06/abnormal/00000329.wav,1,6.2211842537e+00
id_06/abnormal/00000330.wav,1,8.2935552597e+00
id_06/abnormal/00000336.wav,1,1.1237442970e+01
id_06/abnormal/00000338.wav,1,6.2886633873e+00
id_06/abnormal/00000344.wav,1,1.0460999489e+01
id_06/abnormal/00000356.wav,1,1.1587668419e+01
